Name,EndsVowel,EndsA,LenGt5,StartsVowel,HasY,IsFemale
Pincus,0,0,1,0,0,0
Jay,0,0,0,0,1,0
Tomasina,1,1,1,0,0,1
Whitney,0,0,1,0,1,0
Robenia,1,1,1,0,0,1
Maggi,1,0,0,0,0,1
Jacki,1,0,0,0,0,1
Aretha,1,1,1,1,0,1
Maddalena,1,1,1,0,0,1
Minta,1,1,0,0,0,1
Rory,0,0,0,0,1,0
Rosalia,1,1,1,0,0,1
Dyana,1,1,0,0,1,1
Vassily,0,0,1,0,1,0
Sayer,0,0,0,0,1,0
Willabella,1,1,1,0,0,1
Josephus,0,0,1,0,0,0
Moselle,1,0,1,0,0,1
Benetta,1,1,1,0,0,1
Oona,1,1,0,1,0,1
Brena,1,1,0,0,0,1
Haleigh,0,0,1,0,0,0
Cherie,1,0,1,0,0,1
Percival,0,0,1,0,0,0
Pammi,1,0,0,0,0,1
Sella,1,1,0,0,0,1
Patrizia,1,1,1,0,0,1
Gav,0,0,0,0,0,0
Kermie,1,0,1,0,0,0
Spence,1,0,1,0,0,0
Cecilla,1,1,1,0,0,1
Tudor,0,0,0,0,0,0
Witold,0,0,1,0,0,0
Anastassia,1,1,1,1,0,1
Tessa,1,1,0,0,0,1
Orlando,0,0,1,1,0,0
Hakim,0,0,0,0,0,0
Berty,0,0,0,0,1,1
Caterina,1,1,1,0,0,1
Thomasina,1,1,1,0,0,1
Fania,1,1,0,0,0,1
Eirena,1,1,1,1,0,1
Anatola,1,1,1,1,0,1
Mohamed,0,0,1,0,0,0
Barbee,1,0,1,0,0,1
Sherwin,0,0,1,0,0,0
Cecile,1,0,1,0,0,1
Shaughn,0,0,1,0,0,0
Dotty,0,0,0,0,1,1
Julia,1,1,0,0,0,1
Zane,0,0,0,0,0,0
Petronilla,1,1,1,0,0,1
Wynny,0,0,0,0,1,1
Emanuela,1,1,1,1,0,1
Jannel,0,0,1,0,0,1
Ramsey,0,0,1,0,1,0
Carol-Jean,0,0,1,0,0,1
Gertrude,1,0,1,0,0,1
Clara,1,1,0,0,0,1
Carlene,1,0,1,0,0,1
Benito,0,0,1,0,0,0
Spud,0,0,0,0,0,0
Felicity,0,0,1,0,1,1
Althea,1,1,1,1,0,1
Emilie,1,0,1,1,0,1
Janifer,0,0,1,0,0,1
Ashton,0,0,1,1,0,0
Karia,1,1,0,0,0,1
Roger,0,0,0,0,0,0
Dulsea,1,1,1,0,0,1
Alene,1,0,0,1,0,1
Dorolisa,1,1,1,0,0,1
Bishop,0,0,1,0,0,0
Skyler,0,0,1,0,1,0
Tod,0,0,0,0,0,0
Christen,0,0,1,0,0,1
Sarajane,1,0,1,0,0,1
Francine,1,0,1,0,0,1
Riki,1,0,0,0,0,1
Alexandra,1,1,1,1,0,1
Herbert,0,0,1,0,0,0
Josiah,0,0,1,0,0,0
Antonius,0,0,1,1,0,0
Heida,1,1,0,0,0,1
Otto,0,0,0,1,0,0
Kellsie,1,0,1,0,0,1
Tedmund,0,0,1,0,0,0
Curtis,0,0,1,0,0,0
Eleonora,1,1,1,1,0,1
Georgy,0,0,1,0,1,0
Kenny,0,0,0,0,1,0
Rina,1,1,0,0,0,1
Candide,1,0,1,0,0,1
Shep,0,0,0,0,0,0
Ivor,0,0,0,1,0,0
Yancy,0,0,0,1,1,0
Jef,0,0,0,0,0,0
Leonid,0,0,1,0,0,0
Gasper,0,0,1,0,0,0
Verine,1,0,1,0,0,1
Richardo,0,0,1,0,0,0
Pepi,1,0,0,0,0,1
Valli,1,0,0,0,0,1
Deeann,0,0,1,0,0,1
Ross,0,0,0,0,0,0
Jackson,0,0,1,0,0,0
Inez,0,0,0,1,0,1
Charlene,1,0,1,0,0,1
Anna,1,1,0,1,0,1
Rici,1,0,0,0,0,1
Marji,1,0,0,0,0,1
Clarisa,1,1,1,0,0,1
Muriel,0,0,1,0,0,1
Dotti,1,0,0,0,0,1
Dionne,1,0,1,0,0,1
Emlynn,0,0,1,1,1,1
Hana,1,1,0,0,0,1
Patrice,1,0,1,0,0,1
Elspeth,0,0,1,1,0,1
Saunders,0,0,1,0,0,0
Benedetta,1,1,1,0,0,1
Lemmy,0,0,0,0,1,0
Pierson,0,0,1,0,0,0
Anjanette,1,0,1,1,0,1
Lincoln,0,0,1,0,0,0
Dafna,1,1,0,0,0,1
Beauregard,0,0,1,0,0,0
Shaw,0,0,0,0,0,0
Kraig,0,0,0,0,0,0
Shay,0,0,0,0,1,0
Adriana,1,1,1,1,0,1
Jemie,1,0,0,0,0,1
Michele,1,0,1,0,0,1
Demosthenis,0,0,1,0,0,0
Maria,1,1,0,0,0,1
Bogart,0,0,1,0,0,0
Solomon,0,0,1,0,0,0
Francis,0,0,1,0,0,1
Tiffy,0,0,0,0,1,1
Sharity,0,0,1,0,1,1
Celie,1,0,0,0,0,1
Everett,0,0,1,1,0,0
Dulcie,1,0,1,0,0,1
Sophey,0,0,1,0,1,1
Cabrina,1,1,1,0,0,1
Webster,0,0,1,0,0,0
Lucine,1,0,1,0,0,1
Damien,0,0,1,0,0,0
Dasha,1,1,0,0,0,1
Shaine,1,0,1,0,0,1
Dani,1,0,0,0,0,0
Merlin,0,0,1,0,0,0
Gale,0,0,0,0,0,1
Madison,0,0,1,0,0,0
Cornelius,0,0,1,0,0,0
Lin,0,0,0,0,0,0
Cletus,0,0,1,0,0,0
Ardine,1,0,1,1,0,1
Pooh,0,0,0,0,0,0
Noelani,1,0,1,0,0,1
Zechariah,0,0,1,0,0,0
Deny,0,0,0,0,1,1
Darryl,0,0,1,0,1,1
Milo,0,0,0,0,0,0
Carlin,0,0,1,0,0,1
Alphonse,1,0,1,1,0,0
Tami,1,0,0,0,0,1
Sherlocke,1,0,1,0,0,0
Jeremy,0,0,1,0,1,0
Toddie,1,0,1,0,0,0
Elliott,0,0,1,1,0,0
Friedrich,0,0,1,0,0,0
Amery,0,0,0,1,1,0
Willy,0,0,0,0,1,1
Augusta,1,1,1,1,0,1
Agnes,0,0,0,1,0,1
Antonin,0,0,1,1,0,0
Gerald,0,0,1,0,0,0
Husein,0,0,1,0,0,0
Laurette,1,0,1,0,0,1
Gerome,1,0,1,0,0,0
Timothea,1,1,1,0,0,1
Shayna,1,1,1,0,1,1
Ivette,1,0,1,1,0,1
Kelly,0,0,0,0,1,0
Laurence,1,0,1,0,0,0
Marthena,1,1,1,0,0,1
Erwin,0,0,0,1,0,0
Allyson,0,0,1,1,1,1
Courtney,0,0,1,0,1,0
Dolores,0,0,1,0,0,1
Hatti,1,0,0,0,0,1
Susana,1,1,1,0,0,1
Mattheus,0,0,1,0,0,0
Reine,1,0,0,0,0,1
Randal,0,0,1,0,0,0
Claudius,0,0,1,0,0,0
Danita,1,1,1,0,0,1
Alyce,1,0,0,1,1,1
Lynde,1,0,0,0,1,1
Dwaine,1,0,1,0,0,0
Dave,0,0,0,0,0,0
Meaghan,0,0,1,0,0,1
Dolley,0,0,1,0,1,1
Wilt,0,0,0,0,0,0
Hari,1,0,0,0,0,0
Sibilla,1,1,1,0,0,1
Juline,1,0,1,0,0,1
Franz,0,0,0,0,0,0
Hayden,0,0,1,0,1,0
Juliet,0,0,1,0,0,1
Fulvia,1,1,1,0,0,1
Cyndi,1,0,0,0,1,1
Uli,1,0,0,1,0,0
Clotilda,1,1,1,0,0,1
Willow,0,0,1,0,0,1
Gusti,1,0,0,0,0,1
Hasty,0,0,0,0,1,0
Dru,0,0,0,0,0,0
Aleecia,1,1,1,1,0,1
Merrick,0,0,1,0,0,0
Andria,1,1,1,1,0,1
Mohammad,0,0,1,0,0,0
Peggy,0,0,0,0,1,1
Salvatore,1,0,1,0,0,0
Trisha,1,1,1,0,0,1
Louisette,1,0,1,0,0,1
Jorie,1,0,0,0,0,1
Geoffry,0,0,1,0,1,0
Hinda,1,1,0,0,0,1
Heidie,1,0,1,0,0,1
Katharina,1,1,1,0,0,1
Marieann,0,0,1,0,0,1
Laurel,0,0,1,0,0,1
Florella,1,1,1,0,0,1
Charis,0,0,1,0,0,1
Kelila,1,1,1,0,0,1
Sumner,0,0,1,0,0,0
Xenos,0,0,0,0,0,0
Orelee,1,0,1,1,0,1
Ronalda,1,1,1,0,0,1
Hedvig,0,0,1,0,0,1
Barthel,0,0,1,0,0,0
Wandie,1,0,1,0,0,1
Evangeline,1,0,1,1,0,1
Jaleh,0,0,0,0,0,1
Izzy,0,0,0,1,1,0
Janus,0,0,0,0,0,0
Nessa,1,1,0,0,0,1
Valentina,1,1,1,0,0,1
Gracie,1,0,1,0,0,1
Davita,1,1,1,0,0,1
Byron,0,0,0,0,1,0
Janaya,1,1,1,0,1,1
Marris,0,0,1,0,0,1
Emelita,1,1,1,1,0,1
Calvin,0,0,1,0,0,0
Loren,0,0,0,0,0,1
Sheila,1,1,1,0,0,1
Jemmy,0,0,0,0,1,1
Woody,0,0,0,0,1,0
Bernardo,0,0,1,0,0,0
Heddie,1,0,1,0,0,1
Florette,1,0,1,0,0,1
Parrnell,0,0,1,0,0,0
JoAnn,0,0,0,0,0,1
Zacharias,0,0,1,0,0,0
Aline,1,0,0,1,0,1
Patrice,1,0,1,0,0,0
Anthe,1,0,0,1,0,1
Daveta,1,1,1,0,0,1
Conroy,0,0,1,0,1,0
Maryjane,1,0,1,0,1,1
Marylinda,1,1,1,0,1,1
Michele,1,0,1,0,0,0
Lorie,1,0,0,0,0,1
Myrah,0,0,0,0,1,1
Francisca,1,1,1,0,0,1
Catlin,0,0,1,0,0,1
Gavin,0,0,0,0,0,0
Leigh,0,0,0,0,0,0
Harriot,0,0,1,0,0,1
Slade,1,0,0,0,0,0
Sean,0,0,0,0,0,0
Corliss,0,0,1,0,0,1
Demetre,1,0,1,0,0,0
Jourdan,0,0,1,0,0,1
Leonerd,0,0,1,0,0,0
Ainsley,0,0,1,1,1,1
Cassondra,1,1,1,0,0,1
Audie,1,0,0,1,0,1
Friedrick,0,0,1,0,0,0
Alberto,0,0,1,1,0,0
Meridel,0,0,1,0,0,1
Bernelle,1,0,1,0,0,1
Helen-Elizabeth,0,0,1,0,0,1
Edward,0,0,1,1,0,0
Beverlee,1,0,1,0,0,1
Chelton,0,0,1,0,0,0
Samara,1,1,1,0,0,1
Selby,0,0,0,0,1,0
Mischa,1,1,1,0,0,0
Hollie,1,0,1,0,0,1
Giuseppe,1,0,1,0,0,0
Shanie,1,0,1,0,0,1
Cora,1,1,0,0,0,1
Neville,1,0,1,0,0,0
Anet,0,0,0,1,0,1
Mallory,0,0,1,0,1,1
Simeon,0,0,1,0,0,0
Darcee,1,0,1,0,0,1
Nola,1,1,0,0,0,1
Linnell,0,0,1,0,0,1
Susann,0,0,1,0,0,1
Allene,1,0,1,1,0,1
Letty,0,0,0,0,1,1
Ruella,1,1,1,0,0,1
Saraann,0,0,1,0,0,1
Udale,1,0,0,1,0,0
Emmye,1,0,0,1,1,1
Kennedy,0,0,1,0,1,0
Dehlia,1,1,1,0,0,1
Angela,1,1,1,1,0,1
Isabeau,0,0,1,1,0,1
Desiri,1,0,1,0,0,1
Lockwood,0,0,1,0,0,0
Janos,0,0,0,0,0,0
Erminie,1,0,1,1,0,1
Henryetta,1,1,1,0,1,1
Koren,0,0,0,0,0,1
Cecilia,1,1,1,0,0,1
Nichole,1,0,1,0,0,1
Charmane,1,0,1,0,0,1
Worden,0,0,1,0,0,0
Johanna,1,1,1,0,0,1
Florance,1,0,1,0,0,1
Jemimah,0,0,1,0,0,1
Taber,0,0,0,0,0,0
Emmy,0,0,0,1,1,0
Conrad,0,0,1,0,0,0
Niccolo,0,0,1,0,0,0
Carissa,1,1,1,0,0,1
Ambrosius,0,0,1,1,0,0
Keeley,0,0,1,0,1,1
Sidonnie,1,0,1,0,0,1
Sheilakathryn,0,0,1,0,1,1
Wallie,1,0,1,0,0,0
Granville,1,0,1,0,0,0
Florrie,1,0,1,0,0,1
Mickey,0,0,1,0,1,0
Briteny,0,0,1,0,1,1
Andrei,1,0,1,1,0,1
Sig,0,0,0,0,0,0
Roda,1,1,0,0,0,1
Wilden,0,0,1,0,0,0
Cicely,0,0,1,0,1,1
Cammi,1,0,0,0,0,1
Paco,0,0,0,0,0,0
Tymon,0,0,0,0,1,0
Prisca,1,1,1,0,0,1
Simone,1,0,1,0,0,0
Rosanne,1,0,1,0,0,1
Madlen,0,0,1,0,0,1
Hugh,0,0,0,0,0,0
Philly,0,0,1,0,1,1
Tore,0,0,0,0,0,0
Doria,1,1,0,0,0,1
Pansie,1,0,1,0,0,1
Phillie,1,0,1,0,0,1
Jerrold,0,0,1,0,0,0
Rosita,1,1,1,0,0,1
Voltaire,1,0,1,0,0,0
Ruthe,1,0,0,0,0,1
Luciano,0,0,1,0,0,0
Albertina,1,1,1,1,0,1
Avril,0,0,0,1,0,1
Hew,0,0,0,0,0,0
Chevalier,0,0,1,0,0,0
Deirdre,1,0,1,0,0,1
Hershel,0,0,1,0,0,0
Jeralee,1,0,1,0,0,1
Jessica,1,1,1,0,0,1
Tally,0,0,0,0,1,1
Whitby,0,0,1,0,1,0
Georges,0,0,1,0,0,0
Diane,1,0,0,0,0,1
Midge,1,0,0,0,0,1
Husain,0,0,1,0,0,0
Brewer,0,0,1,0,0,0
Kaari,1,0,0,0,0,1
Norine,1,0,1,0,0,1
Wyn,0,0,0,0,1,0
Trip,0,0,0,0,0,0
Shirleen,0,0,1,0,0,1
Rebekah,0,0,1,0,0,1
Washington,0,0,1,0,0,0
Seka,1,1,0,0,0,1
Annalisa,1,1,1,1,0,1
Kimberli,1,0,1,0,0,1
Klarrisa,1,1,1,0,0,1
Marv,0,0,0,0,0,0
Florida,1,1,1,0,0,1
Hilton,0,0,1,0,0,0
Layton,0,0,1,0,1,0
Willem,0,0,1,0,0,0
Dorena,1,1,1,0,0,1
Pattie,1,0,1,0,0,1
Rahel,0,0,0,0,0,1
Montgomery,0,0,1,0,1,0
Clyde,1,0,0,0,1,0
Vivia,1,1,0,0,0,1
Siddhartha,1,1,1,0,0,0
Marlowe,1,0,1,0,0,0
Arleta,1,1,1,1,0,1
Letta,1,1,0,0,0,1
Vivian,0,0,1,0,0,1
Leif,0,0,0,0,0,0
Englebert,0,0,1,1,0,0
Vaughan,0,0,1,0,0,0
Cesya,1,1,0,0,1,1
Nick,0,0,0,0,0,0
Nerita,1,1,1,0,0,1
Tibold,0,0,1,0,0,0
Fleming,0,0,1,0,0,0
Andie,1,0,0,1,0,1
Binky,0,0,0,0,1,0
Brigitta,1,1,1,0,0,1
Lesli,1,0,0,0,0,1
Emmit,0,0,0,1,0,0
Bryant,0,0,1,0,1,0
Elicia,1,1,1,1,0,1
Guthry,0,0,1,0,1,0
Jillene,1,0,1,0,0,1
Aleck,0,0,0,1,0,0
Charin,0,0,1,0,0,1
Denny,0,0,0,0,1,1
Marchelle,1,0,1,0,0,1
Tallie,1,0,1,0,0,0
Lurlene,1,0,1,0,0,1
Guillema,1,1,1,0,0,1
Lorilee,1,0,1,0,0,1
Barnie,1,0,1,0,0,0
Carma,1,1,0,0,0,1
Rhodie,1,0,1,0,0,1
Idaline,1,0,1,1,0,1
Saw,0,0,0,0,0,0
Helsa,1,1,0,0,0,1
Angeline,1,0,1,1,0,1
Duane,1,0,0,0,0,0
Flin,0,0,0,0,0,0
Correy,0,0,1,0,1,1
Joete,1,0,0,0,0,1
Cilka,1,1,0,0,0,1
Teodorico,0,0,1,0,0,0
Ardys,0,0,0,1,1,1
Jens,0,0,0,0,0,0
Neal,0,0,0,0,0,0
Adoree,1,0,1,1,0,1
Leisha,1,1,1,0,0,1
Wiley,0,0,0,0,1,0
Alana,1,1,0,1,0,1
Maribel,0,0,1,0,0,1
Kial,0,0,0,0,0,1
Kin,0,0,0,0,0,0
Grove,1,0,0,0,0,0
Krysta,1,1,1,0,1,1
Evey,0,0,0,1,1,1
Sturgis,0,0,1,0,0,0
Marglerite,1,0,1,0,0,1
Lucia,1,1,0,0,0,1
Larissa,1,1,1,0,0,1
Daffi,1,0,0,0,0,1
Sutherland,0,0,1,0,0,0
Millicent,0,0,1,0,0,0
Barry,0,0,0,0,1,0
Gwenette,1,0,1,0,0,1
Nichole,1,0,1,0,0,0
Talbert,0,0,1,0,0,0
Caty,0,0,0,0,1,1
Julie,1,0,0,0,0,0
Myrtle,1,0,1,0,1,1
Shanta,1,1,1,0,0,1
Jeremias,0,0,1,0,0,0
Daphne,1,0,1,0,0,1
Maxy,0,0,0,0,1,1
Stanford,0,0,1,0,0,0
Georgetta,1,1,1,0,0,1
Donal,0,0,0,0,0,0
Benedikta,1,1,1,0,0,1
Hanny,0,0,0,0,1,1
Somerset,0,0,1,0,0,0
Sapphire,1,0,1,0,0,1
Madeleine,1,0,1,0,0,1
Rosamund,0,0,1,0,0,1
Enrico,0,0,1,1,0,0
Deanne,1,0,1,0,0,1
Tommy,0,0,0,0,1,1
Henry,0,0,0,0,1,0
Waiter,0,0,1,0,0,0
Secunda,1,1,1,0,0,1
Hansel,0,0,1,0,0,0
Sissie,1,0,1,0,0,1
Warner,0,0,1,0,0,0
Staci,1,0,0,0,0,1
Sergent,0,0,1,0,0,0
Anna-Diana,1,1,1,1,0,1
Ora,1,1,0,1,0,1
Leandra,1,1,1,0,0,1
Lettie,1,0,1,0,0,1
Essy,0,0,0,1,1,1
Costa,1,1,0,0,0,0
Arabella,1,1,1,1,0,1
Aleta,1,1,0,1,0,1
Jennings,0,0,1,0,0,0
Beck,0,0,0,0,0,0
Anatole,1,0,1,1,0,0
Karel,0,0,0,0,0,0
Lionello,0,0,1,0,0,0
Gustavo,0,0,1,0,0,0
Christabelle,1,0,1,0,0,1
Hazel,0,0,0,0,0,0
Montague,1,0,1,0,0,0
Reggy,0,0,0,0,1,0
Prentice,1,0,1,0,0,0
Delores,0,0,1,0,0,1
Sheril,0,0,1,0,0,1
Giancarlo,0,0,1,0,0,0
Wilhelmine,1,0,1,0,0,1
Clarita,1,1,1,0,0,1
Moises,0,0,1,0,0,0
Elaina,1,1,1,1,0,1
Wilber,0,0,1,0,0,0
Rafael,0,0,1,0,0,0
Odilia,1,1,1,1,0,1
Myra,1,1,0,0,1,1
Orren,0,0,0,1,0,0
Liz,0,0,0,0,0,1
Hyacinthie,1,0,1,0,1,1
Stace,1,0,0,0,0,1
Ezekiel,0,0,1,1,0,0
Carree,1,0,1,0,0,1
Alecia,1,1,1,1,0,1
Clarke,1,0,1,0,0,0
Oran,0,0,0,1,0,0
Samuele,1,0,1,0,0,0
Didi,1,0,0,0,0,1
Regan,0,0,0,0,0,0
Collette,1,0,1,0,0,1
Garrett,0,0,1,0,0,0
Veradis,0,0,1,0,0,1
Sissy,0,0,0,0,1,1
Antonio,0,0,1,1,0,0
Celestina,1,1,1,0,0,1
Nomi,1,0,0,0,0,1
Kelli,1,0,0,0,0,1
Gwynne,1,0,1,0,1,1
Dana,1,1,0,0,0,1
Ishmael,0,0,1,1,0,0
Bobby,0,0,0,0,1,0
Xymenes,0,0,1,0,1,0
Evita,1,1,0,1,0,1
Carol,0,0,0,0,0,1
Tandi,1,0,0,0,0,1
Barbabas,0,0,1,0,0,0
Ag,0,0,0,1,0,1
Vern,0,0,0,0,0,0
Teador,0,0,1,0,0,0
Sylvie,1,0,1,0,1,1
Sherilyn,0,0,1,0,1,1
Virge,1,0,0,0,0,0
Dalila,1,1,1,0,0,1
Clarence,1,0,1,0,0,0
Annamaria,1,1,1,1,0,1
Quinton,0,0,1,0,0,0
Sarge,1,0,0,0,0,0
Stuart,0,0,1,0,0,0
Ian,0,0,0,1,0,0
Trenton,0,0,1,0,0,0
Cristin,0,0,1,0,0,1
Hilliard,0,0,1,0,0,0
Teriann,0,0,1,0,0,1
Redmond,0,0,1,0,0,0
Winton,0,0,1,0,0,0
Raul,0,0,0,0,0,0
Alexina,1,1,1,1,0,1
Annabelle,1,0,1,1,0,1
Niall,0,0,0,0,0,0
Alonzo,0,0,1,1,0,0
Emylee,1,0,1,1,1,1
Rosette,1,0,1,0,0,1
Erinna,1,1,1,1,0,1
Partha,1,1,1,0,0,0
Norene,1,0,1,0,0,1
Van,0,0,0,0,0,0
Anne-Corinne,1,0,1,1,0,1
Shaun,0,0,0,0,0,1
Sal,0,0,0,0,0,1
Veronica,1,1,1,0,0,1
Eddy,0,0,0,1,1,1
Hadrian,0,0,1,0,0,0
Sonnie,1,0,1,0,0,1
Charley,0,0,1,0,1,0
Yalonda,1,1,1,1,1,1
Bryna,1,1,0,0,1,1
Wendie,1,0,1,0,0,1
Lenny,0,0,0,0,1,0
Zelig,0,0,0,0,0,0
Grover,0,0,1,0,0,0
Gere,0,0,0,0,0,0
Garnette,1,0,1,0,0,1
Emlyn,0,0,0,1,1,1
Kriste,1,0,1,0,0,1
Hyacinth,0,0,1,0,1,1
Kristina,1,1,1,0,0,1
Nilson,0,0,1,0,0,0
Willetta,1,1,1,0,0,1
Bea,1,1,0,0,0,1
Nadya,1,1,0,0,1,1
Larry,0,0,0,0,1,0
Idell,0,0,0,1,0,1
Clo,0,0,0,0,0,1
Mervin,0,0,1,0,0,0
Yolande,1,0,1,1,1,1
Jenny,0,0,0,0,1,1
Wylma,1,1,0,0,1,1
Charleen,0,0,1,0,0,1
Maye,0,0,0,0,1,1
Ernestine,1,0,1,1,0,1
Christiana,1,1,1,0,0,1
Alma,1,1,0,1,0,1
Mayor,0,0,0,0,1,0
Rahal,0,0,0,0,0,1
Sherye,1,0,1,0,1,1
Vina,1,1,0,0,0,1
Jo Ann,0,0,1,0,0,1
Waldemar,0,0,1,0,0,0
Gilberto,0,0,1,0,0,0
Laureen,0,0,1,0,0,1
Dietrich,0,0,1,0,0,0
Sofie,1,0,0,0,0,1
Corey,0,0,0,0,1,1
Ikey,0,0,0,1,1,0
Fernanda,1,1,1,0,0,1
Lonni,1,0,0,0,0,1
Jabez,0,0,0,0,0,0
Torin,0,0,0,0,0,0
Emily,0,0,0,1,1,1
Lavina,1,1,1,0,0,1
Opalina,1,1,1,1,0,1
Alaine,1,0,1,1,0,1
Brynna,1,1,1,0,1,1
Annabell,0,0,1,1,0,1
Raf,0,0,0,0,0,1
Melisse,1,0,1,0,0,1
Daniela,1,1,1,0,0,1
Tito,0,0,0,0,0,0
Curtice,1,0,1,0,0,0
Amanda,1,1,1,1,0,1
Moe,0,0,0,0,0,0
Brana,1,1,0,0,0,1
Amory,0,0,0,1,1,0
Dory,0,0,0,0,1,0
Sallee,1,0,1,0,0,1
Lay,0,0,0,0,1,0
Tiebold,0,0,1,0,0,0
Stephenie,1,0,1,0,0,1
Adiana,1,1,1,1,0,1
Annalise,1,0,1,1,0,1
Ally,0,0,0,1,1,1
Ike,0,0,0,1,0,1
Mollee,1,0,1,0,0,1
Deena,1,1,0,0,0,1
Chrissy,0,0,1,0,1,0
Alic,0,0,0,1,0,0
Sid,0,0,0,0,0,0
Holley,0,0,1,0,1,1
Selig,0,0,0,0,0,0
Tommie,1,0,1,0,0,0
Billy,0,0,0,0,1,1
Emmalynn,0,0,1,1,1,1
Sidonia,1,1,1,0,0,1
Linn,0,0,0,0,0,1
Julius,0,0,1,0,0,0
Halie,1,0,0,0,0,1
Harald,0,0,1,0,0,0
Laetitia,1,1,1,0,0,1
Beatrice,1,0,1,0,0,1
Elden,0,0,0,1,0,0
Pia,1,1,0,0,0,1
Frederich,0,0,1,0,0,0
Aliza,1,1,0,1,0,1
Tammy,0,0,0,0,1,0
Corry,0,0,0,0,1,1
Georgie,1,0,1,0,0,1
Jessi,1,0,0,0,0,1
Peirce,1,0,1,0,0,0
Jo-Ann,0,0,1,0,0,1
Ardelia,1,1,1,1,0,1
Engelbart,0,0,1,1,0,0
Diamond,0,0,1,0,0,1
Hettie,1,0,1,0,0,1
Mahala,1,1,1,0,0,1
Kirsten,0,0,1,0,0,1
Zahara,1,1,1,0,0,1
Fanchette,1,0,1,0,0,1
Donella,1,1,1,0,0,1
Georgiamay,0,0,1,0,1,1
Alfonzo,0,0,1,1,0,0
Judith,0,0,1,0,0,1
Angie,1,0,0,1,0,0
Reinhold,0,0,1,0,0,0
Elisha,1,1,1,1,0,1
Lauren,0,0,1,0,0,1
Felecia,1,1,1,0,0,1
Carolee,1,0,1,0,0,1
Zared,0,0,0,0,0,0
Hercules,0,0,1,0,0,0
Risa,1,1,0,0,0,1
Brinkley,0,0,1,0,1,0
Cooper,0,0,1,0,0,0
Pip,0,0,0,0,0,0
Karisa,1,1,1,0,0,1
Hobart,0,0,1,0,0,0
Albert,0,0,1,1,0,0
Napoleon,0,0,1,0,0,0
Marlee,1,0,1,0,0,1
Lina,1,1,0,0,0,1
Nickie,1,0,1,0,0,1
Zelda,1,1,0,0,0,1
Elric,0,0,0,1,0,0
Catharine,1,0,1,0,0,1
Kalil,0,0,0,0,0,0
Jilleen,0,0,1,0,0,1
Emelyne,1,0,1,1,1,1
Stephanus,0,0,1,0,0,0
Hillel,0,0,1,0,0,0
Windy,0,0,0,0,1,1
Ritch,0,0,0,0,0,0
Sena,1,1,0,0,0,1
Romeo,0,0,0,0,0,0
Andromeda,1,1,1,1,0,1
Corrianne,1,0,1,0,0,1
Pen,0,0,0,0,0,0
Sven,0,0,0,0,0,0
Lissy,0,0,0,0,1,1
Wolf,0,0,0,0,0,0
Shalom,0,0,1,0,0,0
Guglielma,1,1,1,0,0,1
Miranda,1,1,1,0,0,1
Joelly,0,0,1,0,1,1
Alden,0,0,0,1,0,0
Valerie,1,0,1,0,0,1
Maribelle,1,0,1,0,0,1
Guenna,1,1,1,0,0,1
Ramonda,1,1,1,0,0,1
Eleanore,1,0,1,1,0,1
Ella,1,1,0,1,0,1
Brandea,1,1,1,0,0,1
Loraine,1,0,1,0,0,1
Menard,0,0,1,0,0,0
Robb,0,0,0,0,0,0
Wilmar,0,0,1,0,0,0
Electra,1,1,1,1,0,1
Lou,0,0,0,0,0,1
Sebastiano,0,0,1,0,0,0
Essa,1,1,0,1,0,1
Dustin,0,0,1,0,0,0
Curt,0,0,0,0,0,0
Ernest,0,0,1,1,0,0
Clair,0,0,0,0,0,1
Evvy,0,0,0,1,1,1
Agna,1,1,0,1,0,1
Shelton,0,0,1,0,0,0
Carmelita,1,1,1,0,0,1
Fulton,0,0,1,0,0,0
Anabel,0,0,1,1,0,1
Niven,0,0,0,0,0,0
Cherilynn,0,0,1,0,1,1
Terri,1,0,0,0,0,0
Joli,1,0,0,0,0,1
Ivie,0,0,0,1,0,1
Edi,1,0,0,1,0,1
Tiffi,1,0,0,0,0,1
Orelle,1,0,1,1,0,1
Gaylene,1,0,1,0,1,1
Roarke,1,0,1,0,0,0
Ransom,0,0,1,0,0,0
Evanne,1,0,1,1,0,1
Gabriello,0,0,1,0,0,0
Dove,0,0,0,0,0,1
Welch,0,0,0,0,0,0
Dixie,1,0,0,0,0,1
Constanta,1,1,1,0,0,1
Arabel,0,0,1,1,0,1
Jackqueline,1,0,1,0,0,1
Clarisse,1,0,1,0,0,1
Alberta,1,1,1,1,0,1
Karolina,1,1,1,0,0,1
Arvie,1,0,0,1,0,0
Blanch,0,0,1,0,0,1
Zalman,0,0,1,0,0,0
Stillman,0,0,1,0,0,0
Alyssa,1,1,1,1,1,1
Kee,0,0,0,0,0,1
Rebeca,1,1,1,0,0,1
Theadora,1,1,1,0,0,1
Danelle,1,0,1,0,0,1
Halvard,0,0,1,0,0,0
Elyn,0,0,0,1,1,1
Hal,0,0,0,0,0,0
Lorelei,1,0,1,0,0,1
Wilfred,0,0,1,0,0,0
Mugsy,0,0,0,0,1,0
Hewett,0,0,1,0,0,0
Leann,0,0,0,0,0,1
Averell,0,0,1,1,0,0
Kasey,0,0,0,0,1,1
Lesley,0,0,1,0,1,0
Ardelis,0,0,1,1,0,1
Kai,1,0,0,0,0,1
Douglass,0,0,1,0,0,0
Blanca,1,1,1,0,0,1
Dwayne,1,0,1,0,1,0
Florence,1,0,1,0,0,1
Cookie,1,0,1,0,0,1
Nicolette,1,0,1,0,0,1
Flower,0,0,1,0,0,1
Douglis,0,0,1,0,0,0
Aggi,1,0,0,1,0,1
Allsun,0,0,1,1,0,1
Bennett,0,0,1,0,0,0
Elliot,0,0,1,1,0,0
Holli,1,0,0,0,0,1
Gordie,1,0,1,0,0,0
Rebeka,1,1,1,0,0,1
Evangelia,1,1,1,1,0,1
Annalena,1,1,1,1,0,1
Kelwin,0,0,1,0,0,0
Elissa,1,1,1,1,0,1
Abby,0,0,0,1,1,1
Gabi,1,0,0,0,0,1
Terrell,0,0,1,0,0,0
Dacia,1,1,0,0,0,1
Daune,1,0,0,0,0,1
Baillie,1,0,1,0,0,0
Harmonie,1,0,1,0,0,1
Kendra,1,1,1,0,0,1
Fitzgerald,0,0,1,0,0,0
Brody,0,0,0,0,1,0
Myrna,1,1,0,0,1,1
Myrtice,1,0,1,0,1,1
Zarah,0,0,0,0,0,1
Glenn,0,0,0,0,0,0
Milicent,0,0,1,0,0,1
Jonis,0,0,0,0,0,1
Eolande,1,0,1,1,0,1
Ariel,0,0,0,1,0,0
Dionis,0,0,1,0,0,1
Nikoletta,1,1,1,0,0,1
Henrik,0,0,1,0,0,0
Guillaume,1,0,1,0,0,0
Morton,0,0,1,0,0,0
Gaston,0,0,1,0,0,0
Rudolph,0,0,1,0,0,0
Dody,0,0,0,0,1,1
Devin,0,0,0,0,0,0
Hymie,1,0,0,0,1,0
Raynor,0,0,1,0,1,0
Briana,1,1,1,0,0,1
Kathe,1,0,0,0,0,1
Barbe,1,0,0,0,0,1
Helen,0,0,0,0,0,1
Kirstin,0,0,1,0,0,1
Jeanna,1,1,1,0,0,1
Jaimie,1,0,1,0,0,1
Legra,1,1,0,0,0,1
Marcus,0,0,1,0,0,0
Robinett,0,0,1,0,0,1
Carolan,0,0,1,0,0,1
Tedra,1,1,0,0,0,1
Allis,0,0,0,1,0,1
Justine,1,0,1,0,0,1
Leticia,1,1,1,0,0,1
Simmonds,0,0,1,0,0,0
Teresina,1,1,1,0,0,1
Jeannette,1,0,1,0,0,1
Doro,0,0,0,0,0,1
Carola,1,1,1,0,0,1
Wendeline,1,0,1,0,0,1
Claretta,1,1,1,0,0,1
Dyane,1,0,0,0,1,1
Jameson,0,0,1,0,0,0
Donielle,1,0,1,0,0,1
Odelle,1,0,1,1,0,1
Quill,0,0,0,0,0,0
Poul,0,0,0,0,0,0
Bartholomeo,0,0,1,0,0,0
Bjorne,1,0,1,0,0,0
Greta,1,1,0,0,0,1
Berti,1,0,0,0,0,1
Ajay,0,0,0,1,1,1
Pavla,1,1,0,0,0,1
Neil,0,0,0,0,0,0
Peria,1,1,0,0,0,1
Candie,1,0,1,0,0,1
Alexia,1,1,1,1,0,1
Cesar,0,0,0,0,0,0
Waylen,0,0,1,0,1,0
Kittie,1,0,1,0,0,1
Hendrick,0,0,1,0,0,0
Alta,1,1,0,1,0,1
Friederike,1,0,1,0,0,1
Sammy,0,0,0,0,1,0
Emmalynne,1,0,1,1,1,1
Martita,1,1,1,0,0,1
Dulcea,1,1,1,0,0,1
Emili,1,0,0,1,0,1
Eveline,1,0,1,1,0,1
Roselle,1,0,1,0,0,1
Charlot,0,0,1,0,0,1
Thaddus,0,0,1,0,0,0
Marys,0,0,0,0,1,1
Rebe,0,0,0,0,0,1
Lawerence,1,0,1,0,0,0
Micheil,0,0,1,0,0,0
Marillin,0,0,1,0,0,1
Sarah,0,0,0,0,0,1
Davey,0,0,0,0,1,0
Walt,0,0,0,0,0,0
Kary,0,0,0,0,1,1
Laural,0,0,1,0,0,1
Veronika,1,1,1,0,0,1
Rheta,1,1,0,0,0,1
Foster,0,0,1,0,0,0
Tobe,0,0,0,0,0,0
Si,1,0,0,0,0,0
Dov,0,0,0,0,0,0
Jolie,1,0,0,0,0,1
Noach,0,0,0,0,0,0
Ezra,1,1,0,1,0,0
Neddy,0,0,0,0,1,0
Stavros,0,0,1,0,0,0
Ricca,1,1,0,0,0,1
Shane,1,0,0,0,0,0
Samantha,1,1,1,0,0,1
Siffre,1,0,1,0,0,0
Roseanna,1,1,1,0,0,1
Malynda,1,1,1,0,1,1
Cherianne,1,0,1,0,0,1
Leelah,0,0,1,0,0,1
Rita,1,1,0,0,0,1
Susanne,1,0,1,0,0,1
Gussi,1,0,0,0,0,1
Ossie,1,0,0,1,0,0
Mia,1,1,0,0,0,1
Wini,1,0,0,0,0,1
Faunie,1,0,1,0,0,1
Colette,1,0,1,0,0,1
Anne,0,0,0,1,0,1
Shannen,0,0,1,0,0,1
Keri,1,0,0,0,0,1
Ericha,1,1,1,1,0,1
Ware,0,0,0,0,0,0
Keslie,1,0,1,0,0,1
Vitoria,1,1,1,0,0,1
Zorah,0,0,0,0,0,1
Amandy,0,0,1,1,1,1
Kourtney,0,0,1,0,1,1
Marline,1,0,1,0,0,1
Finn,0,0,0,0,0,0
Cy,0,0,0,0,1,0
Elmer,0,0,0,1,0,0
Rabi,1,0,0,0,0,0
Salvidor,0,0,1,0,0,0
Trina,1,1,0,0,0,1
Colin,0,0,0,0,0,0
Henriette,1,0,1,0,0,1
Geralda,1,1,1,0,0,1
Goober,0,0,1,0,0,0
Cicily,0,0,1,0,1,1
Edee,0,0,0,1,0,1
Eden,0,0,0,1,0,1
Jacquenetta,1,1,1,0,0,1
Sephira,1,1,1,0,0,1
Vin,0,0,0,0,0,0
Dalenna,1,1,1,0,0,1
Yank,0,0,0,1,1,0
Dyan,0,0,0,0,1,1
Sibylla,1,1,1,0,1,1
Pavia,1,1,0,0,0,1
Kassia,1,1,1,0,0,1
Marcelline,1,0,1,0,0,1
Rae,0,0,0,0,0,1
Hank,0,0,0,0,0,0
Janet,0,0,0,0,0,1
Birgitta,1,1,1,0,0,1
Tymothy,0,0,1,0,1,0
Selene,1,0,1,0,0,1
Brandie,1,0,1,0,0,1
Audi,1,0,0,1,0,1
Martguerita,1,1,1,0,0,1
Gayleen,0,0,1,0,1,1
Philippe,1,0,1,0,0,1
Prunella,1,1,1,0,0,1
Carlen,0,0,1,0,0,1
Dollie,1,0,1,0,0,1
Tandie,1,0,1,0,0,1
Tonnie,1,0,1,0,0,0
Hillery,0,0,1,0,1,0
Avis,0,0,0,1,0,1
Wilburn,0,0,1,0,0,0
Tedman,0,0,1,0,0,0
Muhammad,0,0,1,0,0,0
Shirline,1,0,1,0,0,1
Arabele,1,0,1,1,0,1
Robin,0,0,0,0,0,0
Nova,1,1,0,0,0,1
Rheba,1,1,0,0,0,1
Christie,1,0,1,0,0,0
Bambie,1,0,1,0,0,1
Clarinda,1,1,1,0,0,1
Estella,1,1,1,1,0,1
Elysha,1,1,1,1,1,1
Meggi,1,0,0,0,0,1
Stormy,0,0,1,0,1,1
Aurel,0,0,0,1,0,1
Holly,0,0,0,0,1,0
Brook,0,0,0,0,0,0
Mabelle,1,0,1,0,0,1
Geeta,1,1,0,0,0,1
Zeb,0,0,0,0,0,0
Catherina,1,1,1,0,0,1
Giana,1,1,0,0,0,1
Willette,1,0,1,0,0,1
Ellie,1,0,0,1,0,1
Jany,0,0,0,0,1,1
Zorine,1,0,1,0,0,1
Mohan,0,0,0,0,0,0
Sylvia,1,1,1,0,1,1
Dorris,0,0,1,0,0,1
Horatio,0,0,1,0,0,0
Andrej,0,0,1,1,0,0
Hester,0,0,1,0,0,1
Randee,1,0,1,0,0,1
Marni,1,0,0,0,0,1
Chrystal,0,0,1,0,1,1
Hatty,0,0,0,0,1,1
Caresse,1,0,1,0,0,1
Collie,1,0,1,0,0,1
Markos,0,0,1,0,0,0
Beau,0,0,0,0,0,1
Noble,1,0,0,0,0,0
Archon,0,0,1,1,0,0
Roxie,1,0,0,0,0,1
Roice,1,0,0,0,0,0
Evelyn,0,0,1,1,1,0
Liam,0,0,0,0,0,0
Emmalyn,0,0,1,1,1,1
Liliane,1,0,1,0,0,1
Roseline,1,0,1,0,0,1
Carlyle,1,0,1,0,1,0
Myke,0,0,0,0,1,0
Joey,0,0,0,0,1,1
Donovan,0,0,1,0,0,0
Saba,1,1,0,0,0,1
Marianne,1,0,1,0,0,1
Lew,0,0,0,0,0,0
Jordanna,1,1,1,0,0,1
Arlyne,1,0,1,1,1,1
Tedi,1,0,0,0,0,1
Alix,0,0,0,1,0,1
Brietta,1,1,1,0,0,1
Rafaelita,1,1,1,0,0,1
Stanwood,0,0,1,0,0,0
Danna,1,1,0,0,0,1
Jasper,0,0,1,0,0,0
Evania,1,1,1,1,0,1
Willis,0,0,1,0,0,0
Ramona,1,1,1,0,0,1
Laurella,1,1,1,0,0,1
Freddy,0,0,1,0,1,1
Marlow,0,0,1,0,0,0
Tessy,0,0,0,0,1,1
Raynell,0,0,1,0,1,1
Brooks,0,0,1,0,0,1
Elle,0,0,0,1,0,1
Johnette,1,0,1,0,0,1
Ansley,0,0,1,1,1,1
Maddie,1,0,1,0,0,0
Catriona,1,1,1,0,0,1
Henrieta,1,1,1,0,0,1
George,1,0,1,0,0,1
Carmon,0,0,1,0,0,1
Timotheus,0,0,1,0,0,0
Sasha,1,1,0,0,0,0
Donny,0,0,0,0,1,1
Melania,1,1,1,0,0,1
Anny,0,0,0,1,1,1
Barbie,1,0,1,0,0,1
Nicolea,1,1,1,0,0,1
Agnella,1,1,1,1,0,1
Jemmie,1,0,1,0,0,1
Kaila,1,1,0,0,0,1
Jilli,1,0,0,0,0,1
Padraig,0,0,1,0,0,0
Jenilee,1,0,1,0,0,1
Mignon,0,0,1,0,0,1
Piper,0,0,0,0,0,1
Flossi,1,0,1,0,0,1
Candice,1,0,1,0,0,1
Tom,0,0,0,0,0,0
Myrtie,1,0,1,0,1,1
Antonie,1,0,1,1,0,1
Carrol,0,0,1,0,0,1
Willard,0,0,1,0,0,0
Kyrstin,0,0,1,0,1,1
Sherman,0,0,1,0,0,0
Cordelie,1,0,1,0,0,1
Holly-Anne,1,0,1,0,1,1
Yule,0,0,0,1,1,0
Juanita,1,1,1,0,0,1
Jehu,0,0,0,0,0,0
Buddy,0,0,0,0,1,0
Timothy,0,0,1,0,1,0
Cody,0,0,0,0,1,0
Benson,0,0,1,0,0,0
Sharyl,0,0,1,0,1,1
Cinnamon,0,0,1,0,0,1
Minette,1,0,1,0,0,1
Maiga,1,1,0,0,0,1
Hersh,0,0,0,0,0,0
Carlos,0,0,1,0,0,0
Reynolds,0,0,1,0,1,0
Nelson,0,0,1,0,0,0
Yacov,0,0,0,1,1,0
Travers,0,0,1,0,0,0
Dwight,0,0,1,0,0,0
Stevy,0,0,0,0,1,0
Alton,0,0,0,1,0,0
Karen,0,0,0,0,0,1
Saxe,0,0,0,0,0,0
Estrella,1,1,1,1,0,1
Linet,0,0,0,0,0,1
Alessandra,1,1,1,1,0,1
Fiann,0,0,0,0,0,1
Puff,0,0,0,0,0,0
Theodora,1,1,1,0,0,1
Alia,1,1,0,1,0,1
Trudie,1,0,1,0,0,1
Wiatt,0,0,0,0,0,0
Rodie,1,0,0,0,0,1
Briggs,0,0,1,0,0,0
Libbi,1,0,0,0,0,1
Adrea,1,1,0,1,0,1
Annamari,1,0,1,1,0,1
Cindie,1,0,1,0,0,1
Shelly,0,0,1,0,1,1
Berrie,1,0,1,0,0,1
Odie,0,0,0,1,0,0
Corrine,1,0,1,0,0,1
Opal,0,0,0,1,0,1
Aveline,1,0,1,1,0,1
Corine,1,0,1,0,0,1
Samuel,0,0,1,0,0,0
Valeda,1,1,1,0,0,1
Garey,0,0,0,0,1,0
Judith,0,0,1,0,0,0
Nanci,1,0,0,0,0,1
Dani,1,0,0,0,0,1
Andi,1,0,0,1,0,1
Virgina,1,1,1,0,0,1
Gerrard,0,0,1,0,0,0
Jeffrey,0,0,1,0,1,0
Darby,0,0,0,0,1,0
Jordan,0,0,1,0,0,1
Alex,0,0,0,1,0,1
Raine,1,0,0,0,0,1
Kara-Lynn,0,0,1,0,1,1
Ronald,0,0,1,0,0,0
Verla,1,1,0,0,0,1
Goldie,1,0,1,0,0,1
Becka,1,1,0,0,0,1
Iolanthe,1,0,1,1,0,1
Rozelle,1,0,1,0,0,1
Geoff,0,0,0,0,0,0
Charlotta,1,1,1,0,0,1
Hadria,1,1,1,0,0,1
Collin,0,0,1,0,0,0
Zabrina,1,1,1,0,0,1
Aeriela,1,1,1,1,0,1
Marigold,0,0,1,0,0,1
Aguinaldo,0,0,1,1,0,0
Lenka,1,1,0,0,0,1
Ignace,1,0,1,1,0,0
Marven,0,0,1,0,0,0
Jerrilee,1,0,1,0,0,1
Feodora,1,1,1,0,0,1
Bary,0,0,0,0,1,0
Fran,0,0,0,0,0,0
Jamima,1,1,1,0,0,1
Mendel,0,0,1,0,0,0
Aubert,0,0,1,1,0,0
Emilio,0,0,1,1,0,0
Havivah,0,0,1,0,0,1
Kimmo,0,0,0,0,0,0
Jesse,1,0,0,0,0,1
Andrzej,0,0,1,1,0,0
Wilmette,1,0,1,0,0,1
Gavrielle,1,0,1,0,0,1
Dari,1,0,0,0,0,1
Penni,1,0,0,0,0,1
Ragnhild,0,0,1,0,0,1
Audra,1,1,0,1,0,1
Lloyd,0,0,0,0,1,0
Maury,0,0,0,0,1,0
Parry,0,0,0,0,1,0
Lilli,1,0,0,0,0,1
Debbi,1,0,0,0,0,1
Clementia,1,1,1,0,0,1
Goddard,0,0,1,0,0,0
Ulla,1,1,0,1,0,1
Wendel,0,0,1,0,0,0
Kikelia,1,1,1,0,0,1
Buck,0,0,0,0,0,0
Waylon,0,0,1,0,1,0
Noemi,1,0,0,0,0,1
Mirabel,0,0,1,0,0,1
Martino,0,0,1,0,0,0
Ulrick,0,0,1,1,0,0
Ann-Marie,1,0,1,1,0,1
Merrile,1,0,1,0,0,1
Sondra,1,1,1,0,0,1
Marie-Ann,0,0,1,0,0,1
Henrie,1,0,1,0,0,0
Merrill,0,0,1,0,0,1
Hunter,0,0,1,0,0,0
Tabatha,1,1,1,0,0,1
Kamillah,0,0,1,0,0,1
Mellisent,0,0,1,0,0,1
Ollie,1,0,0,1,0,1
Tisha,1,1,0,0,0,1
Klara,1,1,0,0,0,1
Modesta,1,1,1,0,0,1
Dora,1,1,0,0,0,1
Clementina,1,1,1,0,0,1
Malcah,0,0,1,0,0,1
Theodosia,1,1,1,0,0,1
Raina,1,1,0,0,0,1
Eustacia,1,1,1,1,0,1
Nerissa,1,1,1,0,0,1
Ainslee,1,0,1,1,0,1
Joyce,1,0,0,0,1,1
Bernie,1,0,1,0,0,0
Felita,1,1,1,0,0,1
Caro,0,0,0,0,0,1
Ulrica,1,1,1,1,0,1
Tyler,0,0,0,0,1,0
Leila,1,1,0,0,0,1
Gerta,1,1,0,0,0,1
Catrina,1,1,1,0,0,1
Friedric,0,0,1,0,0,0
Lazare,1,0,1,0,0,0
Lillian,0,0,1,0,0,1
Nester,0,0,1,0,0,0
Tybie,1,0,0,0,1,1
Patrica,1,1,1,0,0,1
Kathlin,0,0,1,0,0,1
Staffard,0,0,1,0,0,0
Lorraine,1,0,1,0,0,1
Timmy,0,0,0,0,1,1
Norrie,1,0,1,0,0,1
Dido,0,0,0,0,0,1
Tanner,0,0,1,0,0,0
Randi,1,0,0,0,0,0
Nev,0,0,0,0,0,0
Devonna,1,1,1,0,0,1
Marie-Jeanne,1,0,1,0,0,1
Kenton,0,0,1,0,0,0
Remy,0,0,0,0,1,1
Leta,1,1,0,0,0,1
Lorne,1,0,0,0,0,0
Davidde,1,0,1,0,0,0
Gunvor,0,0,1,0,0,1
Doralyn,0,0,1,0,1,1
Becca,1,1,0,0,0,1
Joelle,1,0,1,0,0,1
Karsten,0,0,1,0,0,0
Jack,0,0,0,0,0,0
Tamra,1,1,0,0,0,1
Annalee,1,0,1,1,0,1
Tracee,1,0,1,0,0,1
Erik,0,0,0,1,0,0
Sharron,0,0,1,0,0,1
Thomasin,0,0,1,0,0,1
Seymour,0,0,1,0,1,0
Anthia,1,1,1,1,0,1
Raj,0,0,0,0,0,0
Dahlia,1,1,1,0,0,1
Kirbie,1,0,1,0,0,1
Kendrick,0,0,1,0,0,0
Jazmin,0,0,1,0,0,1
Lorianne,1,0,1,0,0,1
Adrianne,1,0,1,1,0,1
Laurena,1,1,1,0,0,1
Sharlene,1,0,1,0,0,1
Rodney,0,0,1,0,1,0
Kane,0,0,0,0,0,0
Valentine,1,0,1,0,0,1
Tove,0,0,0,0,0,1
Stew,0,0,0,0,0,0
Ola,1,1,0,1,0,1
Adora,1,1,0,1,0,1
Jessy,0,0,0,0,1,1
Flossie,1,0,1,0,0,1
Aila,1,1,0,1,0,1
Grier,0,0,0,0,0,1
Stirling,0,0,1,0,0,0
Madelon,0,0,1,0,0,1
Juergen,0,0,1,0,0,0
Francesco,0,0,1,0,0,0
Winnah,0,0,1,0,0,1
Devonne,1,0,1,0,0,1
Alaa,1,1,0,1,0,0
Mureil,0,0,1,0,0,1
Corrie,1,0,1,0,0,1
Nettie,1,0,1,0,0,1
Leopold,0,0,1,0,0,0
Ulrich,0,0,1,1,0,0
Jenette,1,0,1,0,0,1
Haskel,0,0,1,0,0,0
Ranna,1,1,0,0,0,1
Eugenia,1,1,1,1,0,1
Carlisle,1,0,1,0,0,1
Tommie,1,0,1,0,0,1
Erich,0,0,0,1,0,0
Mariejeanne,1,0,1,0,0,1
Nathalie,1,0,1,0,0,1
Jillie,1,0,1,0,0,1
Darla,1,1,0,0,0,1
Abram,0,0,0,1,0,0
Marylee,1,0,1,0,1,1
Cacilie,1,0,1,0,0,1
Ruthie,1,0,1,0,0,1
Tabbitha,1,1,1,0,0,1
Nolana,1,1,1,0,0,1
Hallie,1,0,1,0,0,1
Fayth,0,0,0,0,1,1
Heidi,1,0,0,0,0,1
Celia,1,1,0,0,0,1
Jolee,1,0,0,0,0,1
Fabio,0,0,0,0,0,0
Mitchell,0,0,1,0,0,0
Gita,1,1,0,0,0,1
Anabelle,1,0,1,1,0,1
Wilmer,0,0,1,0,0,0
Leesa,1,1,0,0,0,1
Edin,0,0,0,1,0,1
Sibby,0,0,0,0,1,1
Eilis,0,0,0,1,0,1
Olive,1,0,0,1,0,1
Trula,1,1,0,0,0,1
Dianemarie,1,0,1,0,0,1
Solange,1,0,1,0,0,1
Hertha,1,1,1,0,0,1
Malia,1,1,0,0,0,1
Rudy,0,0,0,0,1,0
Cordy,0,0,0,0,1,1
Barnett,0,0,1,0,0,0
Toma,1,1,0,0,0,1
Ronnica,1,1,1,0,0,1
Chad,0,0,0,0,0,0
Emmott,0,0,1,1,0,0
Joyous,0,0,1,0,1,1
Derby,0,0,0,0,1,0
Mordecai,1,0,1,0,0,0
Northrop,0,0,1,0,0,0
Polly,0,0,0,0,1,1
Bessie,1,0,1,0,0,1
Jakob,0,0,0,0,0,0
Alexis,0,0,1,1,0,1
Carley,0,0,1,0,1,1
Catlee,1,0,1,0,0,1
Cristy,0,0,1,0,1,1
Franny,0,0,1,0,1,1
Alica,1,1,0,1,0,1
Tully,0,0,0,0,1,0
Savina,1,1,1,0,0,1
Halette,1,0,1,0,0,1
Fitz,0,0,0,0,0,0
Otha,1,1,0,1,0,1
Earl,0,0,0,1,0,0
Traci,1,0,0,0,0,1
Allianora,1,1,1,1,0,1
Francesca,1,1,1,0,0,1
Leon,0,0,0,0,0,0
Huntley,0,0,1,0,1,0
Moss,0,0,0,0,0,0
Trixy,0,0,0,0,1,1
Malka,1,1,0,0,0,1
Deeanne,1,0,1,0,0,1
Glenda,1,1,1,0,0,1
Grace,1,0,0,0,0,0
Yvette,1,0,1,1,1,1
Marlane,1,0,1,0,0,1
Wilma,1,1,0,0,0,1
Cobb,0,0,0,0,0,0
Agnola,1,1,1,1,0,1
Frieda,1,1,1,0,0,1
Riccardo,0,0,1,0,0,0
Chane,1,0,0,0,0,0
Jeanne,1,0,1,0,0,1
Valaree,1,0,1,0,0,1
Flemming,0,0,1,0,0,0
Rosalie,1,0,1,0,0,1
Tabor,0,0,0,0,0,0
Lezlie,1,0,1,0,0,1
Mersey,0,0,1,0,1,1
Diannne,1,0,1,0,0,1
Ethyl,0,0,0,1,1,1
Micaela,1,1,1,0,0,1
Muire,1,0,0,0,0,1
Kyle,0,0,0,0,1,1
Joline,1,0,1,0,0,1
Rosetta,1,1,1,0,0,1
Woodie,1,0,1,0,0,0
Natassia,1,1,1,0,0,1
Ebeneser,0,0,1,1,0,0
Edy,0,0,0,1,1,1
Shay,0,0,0,0,1,1
Marguerite,1,0,1,0,0,1
Werner,0,0,1,0,0,0
Bartholemy,0,0,1,0,1,0
Roxi,1,0,0,0,0,1
Renault,0,0,1,0,0,0
Sal,0,0,0,0,0,0
Gretchen,0,0,1,0,0,0
Hilary,0,0,1,0,1,0
Emmaline,1,0,1,1,0,1
Ranique,1,0,1,0,0,1
Sargent,0,0,1,0,0,0
Missy,0,0,0,0,1,1
Emanuel,0,0,1,1,0,0
Sorcha,1,1,1,0,0,1
Ashely,0,0,1,1,1,1
Carmella,1,1,1,0,0,1
Myles,0,0,0,0,1,0
Amos,0,0,0,1,0,0
Tynan,0,0,0,0,1,0
Chuck,0,0,0,0,0,0
Duke,0,0,0,0,0,0
Terry,0,0,0,0,1,0
Kimberley,0,0,1,0,1,1
Eugen,0,0,0,1,0,0
Chelsy,0,0,1,0,1,1
Tallie,1,0,1,0,0,1
Roxanna,1,1,1,0,0,1
Noelle,1,0,1,0,0,1
Aprilette,1,0,1,1,0,1
Grethel,0,0,1,0,0,1
Daria,1,1,0,0,0,1
Stewart,0,0,1,0,0,0
Christalle,1,0,1,0,0,1
Obadiah,0,0,1,1,0,0
Kitty,0,0,0,0,1,1
Melony,0,0,1,0,1,1
Ashlen,0,0,1,1,0,1
Hezekiah,0,0,1,0,0,0
Astra,1,1,0,1,0,1
Bill,0,0,0,0,0,0
Mair,0,0,0,0,0,1
Rasia,1,1,0,0,0,1
Marya,1,1,0,0,1,1
Crystal,0,0,1,0,1,1
Nari,1,0,0,0,0,1
Dulce,1,0,0,0,0,1
Henri,1,0,0,0,0,0
Wolfgang,0,0,1,0,0,0
Ashley,0,0,1,1,1,0
Gilly,0,0,0,0,1,1
Jami,1,0,0,0,0,1
Carmelia,1,1,1,0,0,1
Kelsy,0,0,0,0,1,1
Joe,0,0,0,0,0,0
Atlante,1,0,1,1,0,1
Imelda,1,1,1,1,0,1
Maxi,1,0,0,0,0,1
Stearne,1,0,1,0,0,0
Aram,0,0,0,1,0,0
Filide,1,0,1,0,0,1
Jada,1,1,0,0,0,1
Clare,1,0,0,0,0,1
Jacquie,1,0,1,0,0,1
Lorenza,1,1,1,0,0,1
Shannan,0,0,1,0,0,0
Dorthy,0,0,1,0,1,1
Rafaela,1,1,1,0,0,1
Hamil,0,0,0,0,0,0
Odessa,1,1,1,1,0,1
Devon,0,0,0,0,0,0
Emery,0,0,0,1,1,0
Natalina,1,1,1,0,0,1
Tabbie,1,0,1,0,0,1
Karl,0,0,0,0,0,0
Geneva,1,1,1,0,0,1
Lara,1,1,0,0,0,1
Tome,0,0,0,0,0,0
Vachel,0,0,1,0,0,0
Elonore,1,0,1,1,0,1
Louisa,1,1,1,0,0,1
Mathilde,1,0,1,0,0,1
Shayne,1,0,1,0,1,0
Shaina,1,1,1,0,0,1
Ofilia,1,1,1,1,0,1
Kandy,0,0,0,0,1,1
Ilka,1,1,0,1,0,1
Sashenka,1,1,1,0,0,1
Elizabeth,0,0,1,1,0,1
Perl,0,0,0,0,0,1
Oneida,1,1,1,1,0,1
Caryn,0,0,0,0,1,1
Jenica,1,1,1,0,0,1
Danika,1,1,1,0,0,1
Schroeder,0,0,1,0,0,0
Fenelia,1,1,1,0,0,1
Pippa,1,1,0,0,0,1
Britney,0,0,1,0,1,1
Chantalle,1,0,1,0,0,1
Delly,0,0,0,0,1,1
Beilul,0,0,1,0,0,1
Lyndy,0,0,0,0,1,1
Patty,0,0,0,0,1,1
Connolly,0,0,1,0,1,0
Darcy,0,0,0,0,1,0
Lois,0,0,0,0,0,1
Audre,1,0,0,1,0,1
Bobette,1,0,1,0,0,1
Yancey,0,0,1,1,1,0
Cindee,1,0,1,0,0,1
Sallie,1,0,1,0,0,1
Angelica,1,1,1,1,0,1
Madge,1,0,0,0,0,1
Cosette,1,0,1,0,0,1
Rob,0,0,0,0,0,0
Vinod,0,0,0,0,0,0
Edithe,1,0,1,1,0,1
Renie,1,0,0,0,0,1
Anya,1,1,0,1,1,1
Helmuth,0,0,1,0,0,0
Zea,1,1,0,0,0,1
Nadine,1,0,1,0,0,1
Haley,0,0,0,0,1,1
Wenda,1,1,0,0,0,1
Selestina,1,1,1,0,0,1
Dix,0,0,0,0,0,1
Barri,1,0,0,0,0,0
Kamilah,0,0,1,0,0,1
Elaine,1,0,1,1,0,1
Isa,1,1,0,1,0,1
Loleta,1,1,1,0,0,1
Aidan,0,0,0,1,0,1
Fanny,0,0,0,0,1,1
Raoul,0,0,0,0,0,0
Algernon,0,0,1,1,0,0
Joly,0,0,0,0,1,1
Berenice,1,0,1,0,0,1
Vinny,0,0,0,0,1,0
Othella,1,1,1,1,0,1
Adeline,1,0,1,1,0,1
Therese,1,0,1,0,0,1
Sherie,1,0,1,0,0,1
Susette,1,0,1,0,0,1
Winonah,0,0,1,0,0,1
Jefry,0,0,0,0,1,0
Corny,0,0,0,0,1,1
Krystalle,1,0,1,0,1,1
Carrie,1,0,1,0,0,1
Bessy,0,0,0,0,1,1
Jean-Luc,0,0,1,0,0,0
Joane,1,0,0,0,0,1
Merridie,1,0,1,0,0,1
Aloisia,1,1,1,1,0,1
Cory,0,0,0,0,1,0
Stefan,0,0,1,0,0,0
Higgins,0,0,1,0,0,0
Flori,1,0,0,0,0,1
Gisela,1,1,1,0,0,1
Nikkie,1,0,1,0,0,1
Roxanne,1,0,1,0,0,1
Zuzana,1,1,1,0,0,1
Layne,1,0,0,0,1,1
Bartolomeo,0,0,1,0,0,0
Clarine,1,0,1,0,0,1
Marketa,1,1,1,0,0,1
Rutter,0,0,1,0,0,0
Amalea,1,1,1,1,0,1
Issi,1,0,0,1,0,1
Erhart,0,0,1,1,0,0
Reuben,0,0,1,0,0,0
Jereme,1,0,1,0,0,0
Whittaker,0,0,1,0,0,0
Reiko,0,0,0,0,0,1
Reilly,0,0,1,0,1,0
Billie,1,0,1,0,0,1
Amie,0,0,0,1,0,1
Sanders,0,0,1,0,0,0
Jessie,1,0,1,0,0,1
Uta,1,1,0,1,0,1
Niels,0,0,0,0,0,0
Anselma,1,1,1,1,0,1
Sayre,1,0,0,0,1,1
Sharl,0,0,0,0,0,1
Vikkie,1,0,1,0,0,1
Armond,0,0,1,1,0,0
Dee Dee,1,0,1,0,0,1
Vin,0,0,0,0,0,1
Leia,1,1,0,0,0,1
Mathew,0,0,1,0,0,0
Farrand,0,0,1,0,0,1
Joceline,1,0,1,0,0,1
Shelby,0,0,1,0,1,0
Scott,0,0,0,0,0,0
Blancha,1,1,1,0,0,1
Magdalen,0,0,1,0,0,1
Hedwig,0,0,1,0,0,1
Martyn,0,0,1,0,1,0
Warden,0,0,1,0,0,0
Bjorn,0,0,0,0,0,0
Jayne,1,0,0,0,1,1
Hailey,0,0,1,0,1,0
Shawn,0,0,0,0,0,1
Devin,0,0,0,0,0,1
Katrine,1,0,1,0,0,1
Tonya,1,1,0,0,1,1
Harvard,0,0,1,0,0,0
Frederick,0,0,1,0,0,0
Gershon,0,0,1,0,0,0
Karmen,0,0,1,0,0,1
Harrison,0,0,1,0,0,0
Loralie,1,0,1,0,0,1
Kalli,1,0,0,0,0,1
Owen,0,0,0,1,0,0
Fionnula,1,1,1,0,0,1
Teena,1,1,0,0,0,1
Barb,0,0,0,0,0,1
Hendrik,0,0,1,0,0,0
Christofer,0,0,1,0,0,0
Desirae,1,0,1,0,0,1
Pieter,0,0,1,0,0,0
Lanita,1,1,1,0,0,1
Fredrika,1,1,1,0,0,1
Malkah,0,0,1,0,0,1
Othello,0,0,1,1,0,0
Siana,1,1,0,0,0,1
Mari,1,0,0,0,0,1
Truman,0,0,1,0,0,0
Ashly,0,0,0,1,1,1
Suzy,0,0,0,0,1,1
Kit,0,0,0,0,0,0
Adaline,1,0,1,1,0,1
Jorge,1,0,0,0,0,0
Starla,1,1,1,0,0,1
Patrik,0,0,1,0,0,0
Minetta,1,1,1,0,0,1
Seamus,0,0,1,0,0,0
Celle,1,0,0,0,0,1
Red,0,0,0,0,0,0
Adel,0,0,0,1,0,1
Bobine,1,0,1,0,0,1
Chryste,1,0,1,0,1,1
Elladine,1,0,1,1,0,1
Clarice,1,0,1,0,0,1
Lilian,0,0,1,0,0,1
Theophyllus,0,0,1,0,1,0
Corette,1,0,1,0,0,1
Lazlo,0,0,0,0,0,0
Blaire,1,0,1,0,0,1
Woochang,0,0,1,0,0,0
Veronique,1,0,1,0,0,1
Elli,1,0,0,1,0,1
Jessee,1,0,1,0,0,0
Giovanne,1,0,1,0,0,0
Ketty,0,0,0,0,1,1
Wallas,0,0,1,0,0,0
Brandais,0,0,1,0,0,1
Katleen,0,0,1,0,0,1
Frayda,1,1,1,0,1,1
Cathryn,0,0,1,0,1,1
Luce,0,0,0,0,0,0
Vinita,1,1,1,0,0,1
Marja,1,1,0,0,0,1
Amabelle,1,0,1,1,0,1
Erminia,1,1,1,1,0,1
Ted,0,0,0,0,0,0
Hyman,0,0,0,0,1,0
Michaella,1,1,1,0,0,1
Zebedee,1,0,1,0,0,0
Melicent,0,0,1,0,0,1
Laure,1,0,0,0,0,1
Lurette,1,0,1,0,0,1
Rasla,1,1,0,0,0,1
Sylvester,0,0,1,0,1,0
Jefferson,0,0,1,0,0,0
Cynthia,1,1,1,0,1,1
Natasha,1,1,1,0,0,1
Griselda,1,1,1,0,0,1
Wilbert,0,0,1,0,0,0
Teresa,1,1,1,0,0,1
Lynda,1,1,0,0,1,1
Luisa,1,1,0,0,0,1
Sonny,0,0,0,0,1,1
Darian,0,0,1,0,0,0
Marissa,1,1,1,0,0,1
Hiro,0,0,0,0,0,0
Vonni,1,0,0,0,0,1
Roy,0,0,0,0,1,0
Dario,0,0,0,0,0,0
Gianina,1,1,1,0,0,1
Chaim,0,0,0,0,0,0
Liuka,1,1,0,0,0,1
Adam,0,0,0,1,0,0
Caralie,1,0,1,0,0,1
Jemima,1,1,1,0,0,1
Aile,0,0,0,1,0,1
Trevar,0,0,1,0,0,0
Ardyce,1,0,1,1,1,1
Jules,0,0,0,0,0,0
Jackie,1,0,1,0,0,1
Ozzie,1,0,0,1,0,0
Arthur,0,0,1,1,0,0
Lizabeth,0,0,1,0,0,1
Michel,0,0,1,0,0,1
Ronda,1,1,0,0,0,1
Mortie,1,0,1,0,0,0
Leona,1,1,0,0,0,1
Lishe,1,0,0,0,0,1
Virgie,1,0,1,0,0,0
Carolyne,1,0,1,0,1,1
Pedro,0,0,0,0,0,0
Troy,0,0,0,0,1,0
Kevyn,0,0,0,0,1,1
Prudence,1,0,1,0,0,1
Elias,0,0,0,1,0,0
Ricki,1,0,0,0,0,0
Garrott,0,0,1,0,0,0
Apollo,0,0,1,1,0,0
Elmore,1,0,1,1,0,0
Weider,0,0,1,0,0,0
Wildon,0,0,1,0,0,0
Barnabas,0,0,1,0,0,0
Yves,0,0,0,1,1,0
Stevana,1,1,1,0,0,1
Pen,0,0,0,0,0,1
Alina,1,1,0,1,0,1
Amara,1,1,0,1,0,1
Wes,0,0,0,0,0,0
Cam,0,0,0,0,0,0
Ardelle,1,0,1,1,0,1
Mendie,1,0,1,0,0,0
Jacky,0,0,0,0,1,1
Jordain,0,0,1,0,0,1
Berke,1,0,0,0,0,0
Elfreda,1,1,1,1,0,1
Bernadina,1,1,1,0,0,1
Ephrayim,0,0,1,1,1,0
Oren,0,0,0,1,0,0
Jane,0,0,0,0,0,1
Angelle,1,0,1,1,0,1
Mae,0,0,0,0,0,1
Genny,0,0,0,0,1,1
Jamey,0,0,0,0,1,0
Silvester,0,0,1,0,0,0
Dorian,0,0,1,0,0,0
Minni,1,0,0,0,0,1
Constancia,1,1,1,0,0,1
Josy,0,0,0,0,1,1
Judah,0,0,0,0,0,0
Carina,1,1,1,0,0,1
Biff,0,0,0,0,0,0
Emilee,1,0,1,1,0,1
Charmine,1,0,1,0,0,1
Marcia,1,1,1,0,0,1
Odette,1,0,1,1,0,1
Karole,1,0,1,0,0,1
Dasi,1,0,0,0,0,1
Bethanne,1,0,1,0,0,1
Kelley,0,0,1,0,1,1
Verney,0,0,1,0,1,0
Di,1,0,0,0,0,1
Samuella,1,1,1,0,0,1
Sara-Ann,0,0,1,0,0,1
Ernie,1,0,0,1,0,0
Silvia,1,1,1,0,0,1
Zonnya,1,1,1,0,1,1
Almire,1,0,1,1,0,1
Rania,1,1,0,0,0,1
Farra,1,1,0,0,0,1
Marten,0,0,1,0,0,0
Salli,1,0,0,0,0,1
Shamus,0,0,1,0,0,0
Steven,0,0,1,0,0,0
Sibylle,1,0,1,0,1,1
Mitchel,0,0,1,0,0,0
Lucina,1,1,1,0,0,1
Shirley,0,0,1,0,1,1
Stanfield,0,0,1,0,0,0
Meredithe,1,0,1,0,0,1
Gwyneth,0,0,1,0,1,1
Loralyn,0,0,1,0,1,1
Duffy,0,0,0,0,1,0
Oprah,0,0,0,1,0,1
Pam,0,0,0,0,0,1
Gwendolen,0,0,1,0,0,1
Kora,1,1,0,0,0,1
Chastity,0,0,1,0,1,1
Nidia,1,1,0,0,0,1
Kiersten,0,0,1,0,0,1
Sylvan,0,0,1,0,1,0
Quint,0,0,0,0,0,0
Muffin,0,0,1,0,0,1
Broderic,0,0,1,0,0,0
Galen,0,0,0,0,0,0
Odetta,1,1,1,1,0,1
Anurag,0,0,1,1,0,0
Maryrose,1,0,1,0,1,1
Marilu,0,0,1,0,0,0
Ellis,0,0,0,1,0,0
Agustin,0,0,1,1,0,0
Lefty,0,0,0,0,1,0
Ronny,0,0,0,0,1,1
Winthrop,0,0,1,0,0,0
Srinivas,0,0,1,0,0,0
Mortimer,0,0,1,0,0,0
Carroll,0,0,1,0,0,0
Ali,1,0,0,1,0,0
Brett,0,0,0,0,0,0
Cathrine,1,0,1,0,0,1
Adrian,0,0,1,1,0,1
Camala,1,1,1,0,0,1
Odelinda,1,1,1,1,0,1
Esme,0,0,0,1,0,1
Cristionna,1,1,1,0,0,1
Lindsey,0,0,1,0,1,0
Durant,0,0,1,0,0,0
Fletch,0,0,1,0,0,0
Shelbi,1,0,1,0,0,1
Hubert,0,0,1,0,0,0
Goose,1,0,0,0,0,0
Cher,0,0,0,0,0,1
Erl,0,0,0,1,0,0
Giovanni,1,0,1,0,0,0
Torrence,1,0,1,0,0,0
Gretchen,0,0,1,0,0,1
Hervey,0,0,1,0,1,0
Estele,1,0,1,1,0,1
Osborne,1,0,1,1,0,0
Ali,1,0,0,1,0,1
Arabelle,1,0,1,1,0,1
Francis,0,0,1,0,0,0
Ame,0,0,0,1,0,1
Mandi,1,0,0,0,0,1
Dickey,0,0,1,0,1,0
Shelley,0,0,1,0,1,0
Tristan,0,0,1,0,0,0
Adolf,0,0,0,1,0,0
Bernadene,1,0,1,0,0,1
Lydie,1,0,0,0,1,1
Hynda,1,1,0,0,1,1
Guthrie,1,0,1,0,0,0
Gerrie,1,0,1,0,0,1
Hagan,0,0,0,0,0,0
Karina,1,1,1,0,0,1
George,1,0,1,0,0,0
Delila,1,1,1,0,0,1
Farrah,0,0,1,0,0,1
Twila,1,1,0,0,0,1
Maegan,0,0,1,0,0,1
Aristotle,1,0,1,1,0,0
Avrom,0,0,0,1,0,0
Xaviera,1,1,1,0,0,1
Churchill,0,0,1,0,0,0
Marietta,1,1,1,0,0,1
Nathalia,1,1,1,0,0,1
Yale,0,0,0,1,1,0
Eleanor,0,0,1,1,0,1
Ericka,1,1,1,1,0,1
Pearce,1,0,1,0,0,0
Johan,0,0,0,0,0,0
Katy,0,0,0,0,1,1
Fayette,1,0,1,0,1,1
Pavel,0,0,0,0,0,0
Sydney,0,0,1,0,1,1
Spiros,0,0,1,0,0,0
Chandler,0,0,1,0,0,0
Tremain,0,0,1,0,0,0
Mandy,0,0,0,0,1,1
Zollie,1,0,1,0,0,0
Gypsy,0,0,0,0,1,1
Temp,0,0,0,0,0,0
Katee,1,0,0,0,0,1
Daloris,0,0,1,0,0,1
Joice,1,0,0,0,0,1
Tracy,0,0,0,0,1,0
Morgana,1,1,1,0,0,1
Kala,1,1,0,0,0,1
Griff,0,0,0,0,0,0
Garcon,0,0,1,0,0,0
Fawnia,1,1,1,0,0,1
Tull,0,0,0,0,0,0
Sande,1,0,0,0,0,1
Elita,1,1,0,1,0,1
Nellie,1,0,1,0,0,1
Leigh,0,0,0,0,0,1
Rowland,0,0,1,0,0,0
Celeste,1,0,1,0,0,1
Goldy,0,0,0,0,1,1
Rice,0,0,0,0,0,0
Lamb,0,0,0,0,0,1
Pete,0,0,0,0,0,0
Deana,1,1,0,0,0,1
Marylou,0,0,1,0,1,1
Grayce,1,0,1,0,1,1
Sarette,1,0,1,0,0,1
Cat,0,0,0,0,0,0
Sarita,1,1,1,0,0,1
Ashley,0,0,1,1,1,1
Che,0,0,0,0,0,0
Giffy,0,0,0,0,1,0
Whit,0,0,0,0,0,0
Kenneth,0,0,1,0,0,0
Michaela,1,1,1,0,0,1
Gail,0,0,0,0,0,0
Dania,1,1,0,0,0,1
Lucille,1,0,1,0,0,1
Austine,1,0,1,1,0,1
Dominique,1,0,1,0,0,1
Vi,1,0,0,0,0,1
Zebulen,0,0,1,0,0,0
Dori,1,0,0,0,0,1
Burton,0,0,1,0,0,0
Adolphus,0,0,1,1,0,0
Conni,1,0,0,0,0,1
Dorree,1,0,1,0,0,1
Angel,0,0,0,1,0,1
Cherrita,1,1,1,0,0,1
Elijah,0,0,1,1,0,0
Jacqueline,1,0,1,0,0,1
Lucilia,1,1,1,0,0,1
Benjamin,0,0,1,0,0,0
Sawyere,1,0,1,0,1,0
Rosalinda,1,1,1,0,0,1
Romy,0,0,0,0,1,1
Rowe,0,0,0,0,0,1
Alessandro,0,0,1,1,0,0
Rollo,0,0,0,0,0,0
Harley,0,0,1,0,1,1
Isador,0,0,1,1,0,1
Nevin,0,0,0,0,0,0
Jerri,1,0,0,0,0,0
Alethea,1,1,1,1,0,1
Hedda,1,1,0,0,0,1
Terza,1,1,0,0,0,1
Hetti,1,0,0,0,0,1
Myriam,0,0,1,0,1,1
Casia,1,1,0,0,0,1
Ursola,1,1,1,1,0,1
Witty,0,0,0,0,1,0
Dana,1,1,0,0,0,0
Alwin,0,0,0,1,0,0
Gray,0,0,0,0,1,1
Clari,1,0,0,0,0,1
Torrance,1,0,1,0,0,0
Rosanna,1,1,1,0,0,1
Kirk,0,0,0,0,0,0
Gustavus,0,0,1,0,0,0
Trever,0,0,1,0,0,0
Ina,1,1,0,1,0,1
Ventura,1,1,1,0,0,1
Moya,1,1,0,0,1,1
Dede,0,0,0,0,0,1
Carline,1,0,1,0,0,1
Reyna,1,1,0,0,1,1
Farand,0,0,1,0,0,1
Sonia,1,1,0,0,0,1
Jennee,1,0,1,0,0,1
Cornela,1,1,1,0,0,1
Sam,0,0,0,0,0,0
Gibb,0,0,0,0,0,0
Sansone,1,0,1,0,0,0
Lorilyn,0,0,1,0,1,1
Jeane,1,0,0,0,0,1
Jaymee,1,0,1,0,1,1
Eric,0,0,0,1,0,0
Trude,1,0,0,0,0,1
Tadeas,0,0,1,0,0,0
Truda,1,1,0,0,0,1
Philipa,1,1,1,0,0,1
Augie,1,0,0,1,0,0
Katheleen,0,0,1,0,0,1
Raquel,0,0,1,0,0,1
Abraham,0,0,1,1,0,0
Way,0,0,0,0,1,0
Evvie,1,0,0,1,0,1
Berget,0,0,1,0,0,1
Valencia,1,1,1,0,0,1
Michelle,1,0,1,0,0,1
Jennilee,1,0,1,0,0,1
Aurie,1,0,0,1,0,1
Karrah,0,0,1,0,0,1
Filia,1,1,0,0,0,1
Avram,0,0,0,1,0,0
Kakalina,1,1,1,0,0,1
Thayne,1,0,1,0,1,0
Latrina,1,1,1,0,0,1
Elberta,1,1,1,1,0,1
Marabel,0,0,1,0,0,1
Nannie,1,0,1,0,0,1
Kent,0,0,0,0,0,0
Isidore,1,0,1,1,0,0
Doralynne,1,0,1,0,1,1
Terrance,1,0,1,0,0,0
Sterling,0,0,1,0,0,0
Ula,1,1,0,1,0,1
Rosalyn,0,0,1,0,1,1
Dale,0,0,0,0,0,1
Axel,0,0,0,1,0,0
Roobbie,1,0,1,0,0,1
Tildi,1,0,0,0,0,1
Godfree,1,0,1,0,0,0
Kenyon,0,0,1,0,1,0
Lorne,1,0,0,0,0,1
Quinn,0,0,0,0,0,0
Cristen,0,0,1,0,0,1
Marge,1,0,0,0,0,1
Callie,1,0,1,0,0,1
Hoyt,0,0,0,0,1,0
Elisa,1,1,0,1,0,1
Harley,0,0,1,0,1,0
Melba,1,1,0,0,0,1
Kenna,1,1,0,0,0,1
Blake,1,0,0,0,0,1
Arlo,0,0,0,1,0,0
Ethelred,0,0,1,1,0,0
Kylen,0,0,0,0,1,1
Holly,0,0,0,0,1,1
Kira,1,1,0,0,0,1
Sheena,1,1,1,0,0,1
Jewelle,1,0,1,0,0,1
Shelagh,0,0,1,0,0,1
Eula,1,1,0,1,0,1
Hesther,0,0,1,0,0,1
Helga,1,1,0,0,0,1
Charline,1,0,1,0,0,1
Nonna,1,1,0,0,0,1
Annabel,0,0,1,1,0,1
Mel,0,0,0,0,0,0
Bebe,0,0,0,0,0,1
Hollyanne,1,0,1,0,1,1
Michelina,1,1,1,0,0,1
Gay,0,0,0,0,1,1
Gale,0,0,0,0,0,1
Donni,1,0,0,0,0,1
Claire,1,0,1,0,0,1
Connor,0,0,1,0,0,0
Wally,0,0,0,0,1,1
Jacques,0,0,1,0,0,0
Clea,1,1,0,0,0,1
Konrad,0,0,1,0,0,0
Terence,1,0,1,0,0,0
Kalvin,0,0,1,0,0,0
Dannye,1,0,1,0,1,1
Gwendolyn,0,0,1,0,1,1
Annecorinne,1,0,1,1,0,1
Herta,1,1,0,0,0,1
Margaretha,1,1,1,0,0,1
Cammy,0,0,0,0,1,1
Nils,0,0,0,0,0,0
Norwood,0,0,1,0,0,0
Ertha,1,1,0,1,0,1
Jaclyn,0,0,1,0,1,1
Stevena,1,1,1,0,0,1
Nela,1,1,0,0,0,1
Fairfax,0,0,1,0,0,0
Michail,0,0,1,0,0,0
Russ,0,0,0,0,0,0
Urbanus,0,0,1,1,0,0
Stefano,0,0,1,0,0,0
Ilise,1,0,0,1,0,1
Sax,0,0,0,0,0,0
Lonee,1,0,0,0,0,1
Jeramie,1,0,1,0,0,0
Mikako,0,0,1,0,0,1
Drew,0,0,0,0,0,1
Lonnie,1,0,1,0,0,0
Crissie,1,0,1,0,0,1
Hermon,0,0,1,0,0,0
Alfredo,0,0,1,1,0,0
Abagail,0,0,1,1,0,1
Nero,0,0,0,0,0,0
Valene,1,0,1,0,0,1
Allina,1,1,1,1,0,1
Willie,1,0,1,0,0,1
Petunia,1,1,1,0,0,1
Obie,0,0,0,1,0,0
Tobie,1,0,0,0,0,1
Carolyn,0,0,1,0,1,1
Madelene,1,0,1,0,0,1
Madelina,1,1,1,0,0,1
Caryl,0,0,0,0,1,0
Flor,0,0,0,0,0,1
Gredel,0,0,1,0,0,1
Canada,1,1,1,0,0,1
Olag,0,0,0,1,0,0
Mirelle,1,0,1,0,0,1
Laina,1,1,0,0,0,1
Elsy,0,0,0,1,1,1
Reba,1,1,0,0,0,1
April,0,0,0,1,0,1
Eleni,1,0,0,1,0,1
Valina,1,1,1,0,0,1
Eddy,0,0,0,1,1,0
Wheeler,0,0,1,0,0,0
Smitty,0,0,1,0,1,0
Marta,1,1,0,0,0,1
Doyle,1,0,0,0,1,0
Karissa,1,1,1,0,0,1
Nada,1,1,0,0,0,1
Leonardo,0,0,1,0,0,0
Emelia,1,1,1,1,0,1
Matteo,0,0,1,0,0,0
Ana,1,1,0,1,0,1
Trenna,1,1,1,0,0,1
Oliy,0,0,0,1,1,1
Maisie,1,0,1,0,0,1
Celine,1,0,1,0,0,1
Maritsa,1,1,1,0,0,1
Britani,1,0,1,0,0,1
Minda,1,1,0,0,0,1
Ilene,1,0,0,1,0,1
Belia,1,1,0,0,0,1
Kat,0,0,0,0,0,1
Baron,0,0,0,0,0,0
Lind,0,0,0,0,0,1
Yoshi,1,0,0,1,1,1
Tiphany,0,0,1,0,1,1
Derron,0,0,1,0,0,0
Powell,0,0,1,0,0,0
Alford,0,0,1,1,0,0
Giovanna,1,1,1,0,0,1
Arvind,0,0,1,1,0,0
Pat,0,0,0,0,0,0
Clinton,0,0,1,0,0,0
Mariette,1,0,1,0,0,1
Edythe,1,0,1,1,1,1
Tabby,0,0,0,0,1,1
Constantina,1,1,1,0,0,1
Thibaut,0,0,1,0,0,0
Dunstan,0,0,1,0,0,0
Breena,1,1,1,0,0,1
Karlee,1,0,1,0,0,1
Malina,1,1,1,0,0,1
Germaine,1,0,1,0,0,0
Morris,0,0,1,0,0,0
Lenora,1,1,1,0,0,1
Vance,1,0,0,0,0,0
Nerti,1,0,0,0,0,1
Marley,0,0,1,0,1,1
Leena,1,1,0,0,0,1
Armando,0,0,1,1,0,0
Smith,0,0,0,0,0,0
Adelice,1,0,1,1,0,1
Ethan,0,0,0,1,0,0
Colly,0,0,0,0,1,1
Tad,0,0,0,0,0,0
Silva,1,1,0,0,0,1
Danie,1,0,0,0,0,0
Sherry,0,0,1,0,1,1
Rivi,1,0,0,0,0,1
Rutherford,0,0,1,0,0,0
Janella,1,1,1,0,0,1
Guy,0,0,0,0,1,0
Aubrey,0,0,1,1,1,1
Millie,1,0,1,0,0,1
Levon,0,0,0,0,0,0
Issy,0,0,0,1,1,1
Cherye,1,0,1,0,1,1
Lisa,1,1,0,0,0,1
Frankie,1,0,1,0,0,0
Alyse,1,0,0,1,1,1
Elene,1,0,0,1,0,1
Jim,0,0,0,0,0,0
Kelcie,1,0,1,0,0,1
Roch,0,0,0,0,0,1
Vaughn,0,0,1,0,0,0
Berte,1,0,0,0,0,1
David,0,0,0,0,0,0
Hasheem,0,0,1,0,0,0
Tam,0,0,0,0,0,0
Noah,0,0,0,0,0,0
Maximilien,0,0,1,0,0,0
Vasily,0,0,1,0,1,0
Hillard,0,0,1,0,0,0
Kaia,1,1,0,0,0,1
Atlanta,1,1,1,1,0,1
Marjie,1,0,1,0,0,1
Philippine,1,0,1,0,0,1
Phyllis,0,0,1,0,1,1
Meg,0,0,0,0,0,1
Elwood,0,0,1,1,0,0
Aida,1,1,0,1,0,1
Mac,0,0,0,0,0,0
Madona,1,1,1,0,0,1
Elvira,1,1,1,1,0,1
Molly,0,0,0,0,1,1
Gus,0,0,0,0,0,0
Annadiana,1,1,1,1,0,1
Freida,1,1,1,0,0,1
Lana,1,1,0,0,0,1
Bunnie,1,0,1,0,0,1
Towney,0,0,1,0,1,0
Levi,1,0,0,0,0,0
Yolanda,1,1,1,1,1,1
Maxim,0,0,0,0,0,0
Penrod,0,0,1,0,0,0
Nollie,1,0,1,0,0,1
Nata,1,1,0,0,0,1
Heath,0,0,0,0,0,0
Geri,1,0,0,0,0,1
Nyssa,1,1,0,0,1,1
Jan,0,0,0,0,0,0
Inigo,0,0,0,1,0,0
Dacy,0,0,0,0,1,1
Jody,0,0,0,0,1,0
Esmerelda,1,1,1,1,0,1
Tiler,0,0,0,0,0,0
Clement,0,0,1,0,0,0
Cammy,0,0,0,0,1,0
Neall,0,0,0,0,0,0
Aldis,0,0,0,1,0,0
Blondell,0,0,1,0,0,1
Raphael,0,0,1,0,0,0
Nil,0,0,0,0,0,1
Maurene,1,0,1,0,0,1
Kaja,1,1,0,0,0,1
Fergus,0,0,1,0,0,0
Alysa,1,1,0,1,1,1
Josefa,1,1,1,0,0,1
Alanah,0,0,1,1,0,1
Marinna,1,1,1,0,0,1
Tiffani,1,0,1,0,0,1
Moishe,1,0,1,0,0,0
Nisse,1,0,0,0,0,1
Valdemar,0,0,1,0,0,0
Fletcher,0,0,1,0,0,0
Josefina,1,1,1,0,0,1
Quintus,0,0,1,0,0,0
Ansel,0,0,0,1,0,0
Garth,0,0,0,0,0,0
Melessa,1,1,1,0,0,1
Edeline,1,0,1,1,0,1
Gallagher,0,0,1,0,0,0
Yance,1,0,0,1,1,0
Bonita,1,1,1,0,0,1
Celene,1,0,1,0,0,1
Lou,0,0,0,0,0,0
Ajai,1,0,0,1,0,0
Anthea,1,1,1,1,0,1
Sibbie,1,0,1,0,0,1
Bryana,1,1,1,0,1,1
May,0,0,0,0,1,1
Wittie,1,0,1,0,0,0
Gustie,1,0,1,0,0,1
Adelle,1,0,1,1,0,1
Sofia,1,1,0,0,0,1
Andre,1,0,0,1,0,0
Sheila-Kathryn,0,0,1,0,1,1
Drea,1,1,0,0,0,1
Essie,1,0,0,1,0,1
Stacia,1,1,1,0,0,1
Tobiah,0,0,1,0,0,0
Emile,1,0,0,1,0,0
Umberto,0,0,1,1,0,0
Marybelle,1,0,1,0,1,1
Stella,1,1,1,0,0,1
Edyth,0,0,0,1,1,1
Lavinie,1,0,1,0,0,1
Mahalia,1,1,1,0,0,1
Oralle,1,0,1,1,0,1
Gino,0,0,0,0,0,0
Klarika,1,1,1,0,0,1
Katerine,1,0,1,0,0,1
Helena,1,1,1,0,0,1
Tommy,0,0,0,0,1,0
Roderigo,0,0,1,0,0,0
Lisetta,1,1,1,0,0,1
Susanetta,1,1,1,0,0,1
Gabbi,1,0,0,0,0,1
Isadore,1,0,1,1,0,0
Rufus,0,0,0,0,0,0
Eddie,1,0,0,1,0,1
Heddi,1,0,0,0,0,1
Willa,1,1,0,0,0,1
Alys,0,0,0,1,1,1
Scottie,1,0,1,0,0,0
Mead,0,0,0,0,0,1
Junie,1,0,0,0,0,1
Tray,0,0,0,0,1,0
Mahesh,0,0,1,0,0,0
Turner,0,0,1,0,0,0
Durand,0,0,1,0,0,0
Reynold,0,0,1,0,1,0
Merell,0,0,1,0,0,0
Billy,0,0,0,0,1,0
Wren,0,0,0,0,0,1
Fremont,0,0,1,0,0,0
Olympia,1,1,1,1,1,1
Morlee,1,0,1,0,0,1
Bidget,0,0,1,0,0,1
Jephthah,0,0,1,0,0,0
Bryn,0,0,0,0,1,1
Rickie,1,0,1,0,0,1
Ignatius,0,0,1,1,0,0
Angelo,0,0,1,1,0,0
Reeva,1,1,0,0,0,1
Alex,0,0,0,1,0,0
Lukas,0,0,0,0,0,0
Hanni,1,0,0,0,0,1
Burt,0,0,0,0,0,0
Genni,1,0,0,0,0,1
Barret,0,0,1,0,0,0
Flint,0,0,0,0,0,0
Lorine,1,0,1,0,0,1
Trudey,0,0,1,0,1,1
Effie,1,0,0,1,0,1
Viola,1,1,0,0,0,1
Inglebert,0,0,1,1,0,0
Ilana,1,1,0,1,0,1
Nike,0,0,0,0,0,1
Lorianna,1,1,1,0,0,1
Geri,1,0,0,0,0,0
Allissa,1,1,1,1,0,1
Vincent,0,0,1,0,0,0
Esmeralda,1,1,1,1,0,1
Donald,0,0,1,0,0,0
Haven,0,0,0,0,0,0
Rowena,1,1,1,0,0,1
Florian,0,0,1,0,0,0
Donnie,1,0,1,0,0,0
Rusty,0,0,0,0,1,0
Shannon,0,0,1,0,0,0
Idelle,1,0,1,1,0,1
Euclid,0,0,1,1,0,0
Sharona,1,1,1,0,0,1
Robina,1,1,1,0,0,1
Nanice,1,0,1,0,0,1
Babette,1,0,1,0,0,1
Isabelita,1,1,1,1,0,1
Glenna,1,1,1,0,0,1
Osbourn,0,0,1,1,0,0
Kessia,1,1,1,0,0,1
Levin,0,0,0,0,0,0
Miguel,0,0,1,0,0,0
Gilligan,0,0,1,0,0,1
Stephen,0,0,1,0,0,0
Tomas,0,0,0,0,0,0
Easter,0,0,1,1,0,1
Easton,0,0,1,1,0,0
Fifine,1,0,1,0,0,1
Charmain,0,0,1,0,0,1
Tamarah,0,0,1,0,0,1
Mic,0,0,0,0,0,0
Margaret,0,0,1,0,0,1
Nanon,0,0,0,0,0,1
Greg,0,0,0,0,0,0
Rutledge,1,0,1,0,0,0
Ediva,1,1,0,1,0,1
Jandy,0,0,0,0,1,1
Mauricio,0,0,1,0,0,0
Brandi,1,0,1,0,0,1
Frederic,0,0,1,0,0,0
Roselia,1,1,1,0,0,1
Katlin,0,0,1,0,0,1
Torre,1,0,0,0,0,0
Aaron,0,0,0,1,0,0
Kailey,0,0,1,0,1,1
Cleveland,0,0,1,0,0,0
Mairead,0,0,1,0,0,1
Audry,0,0,0,1,1,1
Marcille,1,0,1,0,0,1
Katheryn,0,0,1,0,1,1
Willamina,1,1,1,0,0,1
Grant,0,0,0,0,0,0
Moria,1,1,0,0,0,1
Perrine,1,0,1,0,0,1
Cary,0,0,0,0,1,1
Margret,0,0,1,0,0,1
Davoud,0,0,1,0,0,0
Wally,0,0,0,0,1,0
Sanford,0,0,1,0,0,0
Esme,0,0,0,1,0,0
Thomasine,1,0,1,0,0,1
Gayle,1,0,0,0,1,1
Burgess,0,0,1,0,0,0
Ketti,1,0,0,0,0,1
Vaclav,0,0,1,0,0,0
Francisco,0,0,1,0,0,0
Josephine,1,0,1,0,0,1
Jessey,0,0,1,0,1,0
Leola,1,1,0,0,0,1
Fabian,0,0,1,0,0,0
Juditha,1,1,1,0,0,1
Tate,0,0,0,0,0,0
Lucas,0,0,0,0,0,0
Perceval,0,0,1,0,0,0
Garrot,0,0,1,0,0,0
Michell,0,0,1,0,0,1
Tamara,1,1,1,0,0,1
Ceciley,0,0,1,0,1,1
Nico,0,0,0,0,0,0
Brandy,0,0,1,0,1,0
Ingunna,1,1,1,1,0,1
Ibby,0,0,0,1,1,1
Shellie,1,0,1,0,0,1
Juliane,1,0,1,0,0,1
Salome,1,0,1,0,0,1
Alvinia,1,1,1,1,0,1
Katrina,1,1,1,0,0,1
Binni,1,0,0,0,0,1
Robena,1,1,1,0,0,1
Kass,0,0,0,0,0,1
Rocky,0,0,0,0,1,0
Tricia,1,1,1,0,0,1
Cob,0,0,0,0,0,0
Gayle,1,0,0,0,1,0
Gene,0,0,0,0,0,0
Aziz,0,0,0,1,0,0
Susy,0,0,0,0,1,1
Moyna,1,1,0,0,1,1
Lorenzo,0,0,1,0,0,0
Nell,0,0,0,0,0,1
Bria,1,1,0,0,0,1
Hartley,0,0,1,0,1,0
Jimmie,1,0,1,0,0,0
Emmy,0,0,0,1,1,1
Jorry,0,0,0,0,1,1
Piggy,0,0,0,0,1,0
Mellissa,1,1,1,0,0,1
Ariana,1,1,1,1,0,1
Darrick,0,0,1,0,0,0
Danette,1,0,1,0,0,1
Averil,0,0,1,1,0,1
Nevile,1,0,1,0,0,0
Dynah,0,0,0,0,1,1
Tracie,1,0,1,0,0,1
Whitney,0,0,1,0,1,1
Willyt,0,0,1,0,1,1
Krista,1,1,1,0,0,1
Wynn,0,0,0,0,1,1
Phyllys,0,0,1,0,1,1
Alfred,0,0,1,1,0,0
Emeline,1,0,1,1,0,1
Roselin,0,0,1,0,0,1
Persis,0,0,1,0,0,1
Ferdinande,1,0,1,0,0,1
Allyn,0,0,0,1,1,0
Welby,0,0,0,0,1,0
Melinda,1,1,1,0,0,1
Estelle,1,0,1,1,0,1
Lory,0,0,0,0,1,1
Stephie,1,0,1,0,0,1
Jaquenetta,1,1,1,0,0,1
Annalyse,1,0,1,1,1,1
Antoine,1,0,1,1,0,0
Hudson,0,0,1,0,0,0
Cara,1,1,0,0,0,1
Etienne,1,0,1,1,0,0
Stephan,0,0,1,0,0,0
Melisa,1,1,1,0,0,1
Clay,0,0,0,0,1,0
Petronille,1,0,1,0,0,1
Rosaline,1,0,1,0,0,1
Kimball,0,0,1,0,0,0
Julieta,1,1,1,0,0,1
Sinclare,1,0,1,0,0,0
Fidela,1,1,1,0,0,1
Sydelle,1,0,1,0,1,1
Renell,0,0,1,0,0,1
Giles,0,0,0,0,0,0
Huntington,0,0,1,0,0,0
Kordula,1,1,1,0,0,1
Cecily,0,0,1,0,1,1
Mareah,0,0,1,0,0,1
Venus,0,0,0,0,0,1
Cosmo,0,0,0,0,0,0
Idalina,1,1,1,1,0,1
Bunni,1,0,0,0,0,1
Athene,1,0,1,1,0,1
Brodie,1,0,1,0,0,0
Olin,0,0,0,1,0,0
Denna,1,1,0,0,0,1
Carolann,0,0,1,0,0,1
Darbie,1,0,1,0,0,1
Suzette,1,0,1,0,0,1
Kristopher,0,0,1,0,0,0
Solly,0,0,0,0,1,0
Halley,0,0,1,0,1,1
Harriett,0,0,1,0,0,1
Wayne,1,0,0,0,1,0
Heath,0,0,0,0,0,1
Tabitha,1,1,1,0,0,1
Nelsen,0,0,1,0,0,0
Melodee,1,0,1,0,0,1
Colleen,0,0,1,0,0,1
Mildrid,0,0,1,0,0,1
Bari,1,0,0,0,0,1
Richy,0,0,0,0,1,0
Matthiew,0,0,1,0,0,0
Hagen,0,0,0,0,0,0
Andrus,0,0,1,1,0,0
Giffard,0,0,1,0,0,0
Lust,0,0,0,0,0,1
Suzie,1,0,0,0,0,1
Doris,0,0,0,0,0,1
Jason,0,0,0,0,0,0
Skipton,0,0,1,0,0,0
Lynnett,0,0,1,0,1,1
Eldon,0,0,0,1,0,0
Kathye,1,0,1,0,1,1
Barth,0,0,0,0,0,0
Danni,1,0,0,0,0,1
Melisenda,1,1,1,0,0,1
Pail,0,0,0,0,0,0
Keren,0,0,0,0,0,1
Jordan,0,0,1,0,0,0
Gardener,0,0,1,0,0,0
Dorri,1,0,0,0,0,1
Odelia,1,1,1,1,0,1
Kiah,0,0,0,0,0,1
Sada,1,1,0,0,0,1
Imogen,0,0,1,1,0,1
Eveleen,0,0,1,1,0,1
Kylila,1,1,1,0,1,1
Starlin,0,0,1,0,0,1
Annabella,1,1,1,1,0,1
Mada,1,1,0,0,0,1
Carlena,1,1,1,0,0,1
Darin,0,0,0,0,0,0
Wilie,1,0,0,0,0,1
Delphina,1,1,1,0,0,1
Annelise,1,0,1,1,0,1
Leanne,1,0,1,0,0,1
Pauli,1,0,0,0,0,1
Marylynne,1,0,1,0,1,1
Goldarina,1,1,1,0,0,1
Lena,1,1,0,0,0,1
Josephina,1,1,1,0,0,1
Ami,1,0,0,1,0,1
Wenonah,0,0,1,0,0,1
Manny,0,0,0,0,1,0
Melissa,1,1,1,0,0,1
Aloise,1,0,1,1,0,1
Rem,0,0,0,0,0,0
Georgeanna,1,1,1,0,0,1
Dierdre,1,0,1,0,0,1
Hollis,0,0,1,0,0,0
Silvio,0,0,1,0,0,0
Nert,0,0,0,0,0,1
Karin,0,0,0,0,0,1
Berta,1,1,0,0,0,1
Roslyn,0,0,1,0,1,1
Demetrius,0,0,1,0,0,0
Weber,0,0,0,0,0,0
Townsend,0,0,1,0,0,0
Deane,1,0,0,0,0,0
Rorie,1,0,0,0,0,1
Maxie,1,0,0,0,0,0
Harrie,1,0,1,0,0,1
Kathi,1,0,0,0,0,1
Tiertza,1,1,1,0,0,1
Valera,1,1,1,0,0,1
Tomiko,0,0,1,0,0,1
Frank,0,0,0,0,0,1
Neilla,1,1,1,0,0,1
Wilburt,0,0,1,0,0,0
Carrissa,1,1,1,0,0,1
Ottilie,1,0,1,1,0,1
Kincaid,0,0,1,0,0,0
Thor,0,0,0,0,0,0
Veronike,1,0,1,0,0,1
Cameron,0,0,1,0,0,0
Margie,1,0,1,0,0,1
Erick,0,0,0,1,0,0
Catharina,1,1,1,0,0,1
Clementine,1,0,1,0,0,1
Yankee,1,0,1,1,1,0
Stephani,1,0,1,0,0,1
Melvyn,0,0,1,0,1,0
Lark,0,0,0,0,0,1
Evelyn,0,0,1,1,1,1
Meara,1,1,0,0,0,1
Meade,1,0,0,0,0,1
Amandi,1,0,1,1,0,1
Dallas,0,0,1,0,0,1
Hannie,1,0,1,0,0,1
Oral,0,0,0,1,0,0
Rodger,0,0,1,0,0,0
Jacquelyn,0,0,1,0,1,1
Liane,1,0,0,0,0,1
Thorvald,0,0,1,0,0,0
Josey,0,0,0,0,1,1
Vannie,1,0,1,0,0,1
Kellyann,0,0,1,0,1,1
Natalie,1,0,1,0,0,1
Roseanne,1,0,1,0,0,1
Illa,1,1,0,1,0,1
Catherin,0,0,1,0,0,1
Nixie,1,0,0,0,0,1
Phineas,0,0,1,0,0,0
Blisse,1,0,1,0,0,1
Carsten,0,0,1,0,0,0
Merv,0,0,0,0,0,0
Kaspar,0,0,1,0,0,0
Corene,1,0,1,0,0,1
Leda,1,1,0,0,0,1
Andreana,1,1,1,1,0,1
Zacherie,1,0,1,0,0,0
Blinni,1,0,1,0,0,1
Vanni,1,0,0,0,0,1
Ricki,1,0,0,0,0,1
Dryke,1,0,0,0,1,0
Helli,1,0,0,0,0,1
Lavena,1,1,1,0,0,1
Tobias,0,0,1,0,0,0
Vickie,1,0,1,0,0,1
Wilson,0,0,1,0,0,0
Evie,0,0,0,1,0,1
Janeva,1,1,1,0,0,1
Murphy,0,0,1,0,1,0
Phylis,0,0,1,0,1,1
Kerstin,0,0,1,0,0,1
Osmund,0,0,1,1,0,0
Stefanie,1,0,1,0,0,1
Desaree,1,0,1,0,0,1
Karalee,1,0,1,0,0,1
Ilyssa,1,1,1,1,1,1
Gwenn,0,0,0,0,0,1
Caprice,1,0,1,0,0,1
Bess,0,0,0,0,0,1
Chet,0,0,0,0,0,0
Leanna,1,1,1,0,0,1
Julienne,1,0,1,0,0,1
Mimi,1,0,0,0,0,1
Phaedra,1,1,1,0,0,1
Charil,0,0,1,0,0,1
Taddeo,0,0,1,0,0,0
Matilde,1,0,1,0,0,1
Del,0,0,0,0,0,1
Nolan,0,0,0,0,0,0
Verena,1,1,1,0,0,1
Harli,1,0,0,0,0,1
Remington,0,0,1,0,0,0
Eulalie,1,0,1,1,0,1
Winne,1,0,0,0,0,1
Guthrey,0,0,1,0,1,0
Paulita,1,1,1,0,0,1
Lori,1,0,0,0,0,1
Dorella,1,1,1,0,0,1
Vibhu,0,0,0,0,0,0
Lita,1,1,0,0,0,1
Jule,0,0,0,0,0,0
Lee,0,0,0,0,0,1
Luella,1,1,1,0,0,1
Antone,1,0,1,1,0,0
Oswell,0,0,1,1,0,0
Gustav,0,0,1,0,0,0
Joellyn,0,0,1,0,1,1
Richard,0,0,1,0,0,0
Elyssa,1,1,1,1,1,1
Paolo,0,0,0,0,0,0
Bernie,1,0,1,0,0,1
Marcelle,1,0,1,0,0,1
Vitia,1,1,0,0,0,1
Candra,1,1,1,0,0,1
Kesley,0,0,1,0,1,1
Blake,1,0,0,0,0,0
Jenine,1,0,1,0,0,1
Koral,0,0,0,0,0,1
Socrates,0,0,1,0,0,0
Amber,0,0,0,1,0,1
Sting,0,0,0,0,0,0
Thatch,0,0,1,0,0,0
Xena,1,1,0,0,0,1
Dewey,0,0,0,0,1,0
Gwenni,1,0,1,0,0,1
Jerrie,1,0,1,0,0,1
Gabrila,1,1,1,0,0,1
Fred,0,0,0,0,0,1
Robin,0,0,0,0,0,1
Oliver,0,0,1,1,0,0
Kalina,1,1,1,0,0,1
Amalle,1,0,1,1,0,1
Marjorie,1,0,1,0,0,1
Avrit,0,0,0,1,0,1
Harry,0,0,0,0,1,0
Linell,0,0,1,0,0,1
Gabriellia,1,1,1,0,0,1
Chad,0,0,0,0,0,1
Melli,1,0,0,0,0,1
Patience,1,0,1,0,0,1
Carlynn,0,0,1,0,1,1
Thornton,0,0,1,0,0,0
Rozamond,0,0,1,0,0,1
Clovis,0,0,1,0,0,1
Aviva,1,1,0,1,0,1
Mala,1,1,0,0,0,1
Bill,0,0,0,0,0,1
Teddie,1,0,1,0,0,1
Thalia,1,1,1,0,0,1
Leodora,1,1,1,0,0,1
Leeanne,1,0,1,0,0,1
Morly,0,0,0,0,1,0
Helge,1,0,0,0,0,1
Inna,1,1,0,1,0,1
Bentley,0,0,1,0,1,0
Kalindi,1,0,1,0,0,1
Dulcinea,1,1,1,0,0,1
Doralynn,0,0,1,0,1,1
Roxine,1,0,1,0,0,1
Dexter,0,0,1,0,0,0
Katrinka,1,1,1,0,0,1
Clifford,0,0,1,0,0,0
Basia,1,1,0,0,0,1
Fredi,1,0,0,0,0,1
Archy,0,0,0,1,1,0
Luther,0,0,1,0,0,0
Vasili,1,0,1,0,0,0
Jordy,0,0,0,0,1,0
Robby,0,0,0,0,1,1
Jaclin,0,0,1,0,0,1
Osborn,0,0,1,1,0,0
Gabbey,0,0,1,0,1,1
Von,0,0,0,0,0,0
Quigly,0,0,1,0,1,0
Purcell,0,0,1,0,0,0
Arvy,0,0,0,1,1,0
Tedda,1,1,0,0,0,1
Sam,0,0,0,0,0,1
Gill,0,0,0,0,0,0
Jacquette,1,0,1,0,0,1
Halimeda,1,1,1,0,0,1
Davina,1,1,1,0,0,1
Victoria,1,1,1,0,0,1
Eduardo,0,0,1,1,0,0
Filbert,0,0,1,0,0,0
Broddy,0,0,1,0,1,0
Abagael,0,0,1,1,0,1
Colbert,0,0,1,0,0,0
Ned,0,0,0,0,0,0
Allie,1,0,0,1,0,1
Aubrey,0,0,1,1,1,0
Melodie,1,0,1,0,0,1
Edouard,0,0,1,1,0,0
Ailee,1,0,0,1,0,1
Zack,0,0,0,0,0,0
Adams,0,0,0,1,0,0
Scarlet,0,0,1,0,0,1
Ruthanne,1,0,1,0,0,1
Francesmary,0,0,1,0,1,1
Ripley,0,0,1,0,1,0
Lisha,1,1,0,0,0,1
Franciska,1,1,1,0,0,1
Janka,1,1,0,0,0,1
Adrick,0,0,1,1,0,0
Maddy,0,0,0,0,1,1
Jess,0,0,0,0,0,0
Llewellyn,0,0,1,0,1,0
Danny,0,0,0,0,1,0
Ellene,1,0,1,1,0,1
Kissie,1,0,1,0,0,1
Vinnie,1,0,1,0,0,1
Zolly,0,0,0,0,1,0
Haily,0,0,0,0,1,1
Ameline,1,0,1,1,0,1
Cristina,1,1,1,0,0,1
Roze,0,0,0,0,0,1
Cindelyn,0,0,1,0,1,1
Durante,1,0,1,0,0,0
Pier,0,0,0,0,0,1
Pepita,1,1,1,0,0,1
Wendi,1,0,0,0,0,1
Bertrand,0,0,1,0,0,0
Georgina,1,1,1,0,0,1
Perle,1,0,0,0,0,1
Terri-Jo,0,0,1,0,0,1
Karly,0,0,0,0,1,1
Adrienne,1,0,1,1,0,1
Melisent,0,0,1,0,0,1
Giorgi,1,0,1,0,0,0
Milton,0,0,1,0,0,0
Noellyn,0,0,1,0,1,1
Elvera,1,1,1,1,0,1
Karla,1,1,0,0,0,1
Kimberlyn,0,0,1,0,1,1
Kelcey,0,0,1,0,1,1
Dorine,1,0,1,0,0,1
Davon,0,0,0,0,0,0
Maurice,1,0,1,0,0,0
Leland,0,0,1,0,0,1
Valentine,1,0,1,0,0,0
Astrix,0,0,1,1,0,1
Marielle,1,0,1,0,0,1
Leanora,1,1,1,0,0,1
Hedy,0,0,0,0,1,1
Donia,1,1,0,0,0,1
Kerrie,1,0,1,0,0,1
Chelsea,1,1,1,0,0,1
Jamie,1,0,0,0,0,1
Marcel,0,0,1,0,0,0
Sandy,0,0,0,0,1,0
Harold,0,0,1,0,0,0
Marlena,1,1,1,0,0,1
Delaney,0,0,1,0,1,1
Marilyn,0,0,1,0,1,1
Izak,0,0,0,1,0,0
Chadwick,0,0,1,0,0,0
Randa,1,1,0,0,0,1
Yuri,1,0,0,1,1,0
Etty,0,0,0,1,1,1
Viv,0,0,0,0,0,1
Gloriana,1,1,1,0,0,1
Giralda,1,1,1,0,0,1
Marion,0,0,1,0,0,0
Glen,0,0,0,0,0,0
Tye,0,0,0,0,1,0
Mirilla,1,1,1,0,0,1
Jared,0,0,0,0,0,0
Jesse,1,0,0,0,0,0
Joni,1,0,0,0,0,1
Carin,0,0,0,0,0,1
Cole,0,0,0,0,0,0
Kippie,1,0,1,0,0,1
Janene,1,0,1,0,0,1
Sim,0,0,0,0,0,0
Terrie,1,0,1,0,0,1
Raychel,0,0,1,0,1,1
Caleb,0,0,0,0,0,0
Brigida,1,1,1,0,0,1
Rhoda,1,1,0,0,0,1
Westbrooke,1,0,1,0,0,0
Barby,0,0,0,0,1,1
Brynne,1,0,1,0,1,1
Talia,1,1,0,0,0,1
Fancy,0,0,0,0,1,1
Gilbertine,1,0,1,0,0,1
Renate,1,0,1,0,0,1
Alan,0,0,0,1,0,0
Ulric,0,0,0,1,0,0
Meir,0,0,0,0,0,0
Chris,0,0,0,0,0,0
Erina,1,1,0,1,0,1
Leela,1,1,0,0,0,1
Urbain,0,0,1,1,0,0
Licha,1,1,0,0,0,1
Shir,0,0,0,0,0,1
Ashlee,1,0,1,1,0,1
Yigal,0,0,0,1,1,0
Judye,1,0,0,0,1,1
Robert,0,0,1,0,0,0
Nerte,1,0,0,0,0,1
Shoshie,1,0,1,0,0,1
Calli,1,0,0,0,0,1
Adlai,1,0,0,1,0,0
Terina,1,1,1,0,0,1
Lewis,0,0,0,0,0,0
Pierette,1,0,1,0,0,1
Noelyn,0,0,1,0,1,1
Astrid,0,0,1,1,0,1
Leonie,1,0,1,0,0,1
Faustina,1,1,1,0,0,1
Deerdre,1,0,1,0,0,1
Kimmi,1,0,0,0,0,1
Kam,0,0,0,0,0,0
Danica,1,1,1,0,0,1
Lea,1,1,0,0,0,1
Jake,0,0,0,0,0,0
Audrie,1,0,1,1,0,1
James,0,0,0,0,0,0
Mame,0,0,0,0,0,1
Marina,1,1,1,0,0,1
Dara,1,1,0,0,0,1
Rafa,1,1,0,0,0,1
Chloe,1,0,0,0,0,1
Rubin,0,0,0,0,0,0
Coletta,1,1,1,0,0,1
Mercie,1,0,1,0,0,1
Penny,0,0,0,0,1,0
Loise,1,0,0,0,0,1
Arlette,1,0,1,1,0,1
Bobby,0,0,0,0,1,1
Grazia,1,1,1,0,0,1
Keriann,0,0,1,0,0,1
Winifred,0,0,1,0,0,1
Barbabra,1,1,1,0,0,1
Arlen,0,0,0,1,0,1
Viki,1,0,0,0,0,1
Ralf,0,0,0,0,0,0
Acacia,1,1,1,1,0,1
Christan,0,0,1,0,0,1
Dina,1,1,0,0,0,1
Noe,0,0,0,0,0,0
Korry,0,0,0,0,1,1
Paola,1,1,0,0,0,1
Russel,0,0,1,0,0,0
Iolande,1,0,1,1,0,1
Almira,1,1,1,1,0,1
Taylor,0,0,1,0,1,0
Waite,1,0,0,0,0,0
Etheline,1,0,1,1,0,1
Natala,1,1,1,0,0,1
E'Lane,1,0,1,1,0,1
Say,0,0,0,0,1,0
Ursuline,1,0,1,1,0,1
Corabella,1,1,1,0,0,1
Cassandre,1,0,1,0,0,1
Lynnell,0,0,1,0,1,1
Neale,1,0,0,0,0,0
Guenevere,1,0,1,0,0,1
Averyl,0,0,1,1,1,1
Flipper,0,0,1,0,0,0
Everard,0,0,1,1,0,0
Lazar,0,0,0,0,0,0
Stanley,0,0,1,0,1,0
Lysandra,1,1,1,0,1,1
Heywood,0,0,1,0,1,0
Eyde,0,0,0,1,1,1
Tarrant,0,0,1,0,0,0
Pearla,1,1,1,0,0,1
Stefa,1,1,0,0,0,1
Quintana,1,1,1,0,0,1
Corissa,1,1,1,0,0,1
Lilia,1,1,0,0,0,1
Lynsey,0,0,1,0,1,1
Meryl,0,0,0,0,1,0
Reagan,0,0,1,0,0,0
Fan,0,0,0,0,0,1
Darsey,0,0,1,0,1,1
Adria,1,1,0,1,0,1
Olivette,1,0,1,1,0,1
Spiro,0,0,0,0,0,0
Kym,0,0,0,0,1,1
Hannibal,0,0,1,0,0,0
Brandise,1,0,1,0,0,1
Larina,1,1,1,0,0,1
Marena,1,1,1,0,0,1
Cleva,1,1,0,0,0,1
Ingrid,0,0,1,1,0,1
Ferdinand,0,0,1,0,0,0
Joachim,0,0,1,0,0,0
Flory,0,0,0,0,1,1
Randi,1,0,0,0,0,1
Felicio,0,0,1,0,0,0
Sindee,1,0,1,0,0,1
Milena,1,1,1,0,0,1
Aimee,1,0,0,1,0,1
Rozalie,1,0,1,0,0,1
Tobie,1,0,0,0,0,0
Melina,1,1,1,0,0,1
Amargo,0,0,1,1,0,1
Lynnelle,1,0,1,0,1,1
Amberly,0,0,1,1,1,1
Marleah,0,0,1,0,0,1
Moshe,1,0,0,0,0,0
Colene,1,0,1,0,0,1
Karine,1,0,1,0,0,1
Lynn,0,0,0,0,1,0
Joab,0,0,0,0,0,0
Kate,0,0,0,0,0,1
Lyndel,0,0,1,0,1,1
Eimile,1,0,1,1,0,1
Benita,1,1,1,0,0,1
Caitlin,0,0,1,0,0,1
Porter,0,0,1,0,0,0
Shayla,1,1,1,0,1,1
Torrin,0,0,1,0,0,0
Barney,0,0,1,0,1,0
Bertie,1,0,1,0,0,1
Tori,1,0,0,0,0,1
Chelsey,0,0,1,0,1,1
Welsh,0,0,0,0,0,0
Cyrillus,0,0,1,0,1,0
Claus,0,0,0,0,0,0
Guillermo,0,0,1,0,0,0
Mitra,1,1,0,0,0,1
Eartha,1,1,1,1,0,1
Godiva,1,1,1,0,0,1
Lona,1,1,0,0,0,1
Bethany,0,0,1,0,1,1
Felix,0,0,0,0,0,0
Lise,0,0,0,0,0,1
Boris,0,0,0,0,0,0
Henka,1,1,0,0,0,1
Jillian,0,0,1,0,0,1
Pryce,1,0,0,0,1,0
Ewart,0,0,0,1,0,0
Gabriel,0,0,1,0,0,1
Danice,1,0,1,0,0,1
Siward,0,0,1,0,0,0
Amalia,1,1,1,1,0,1
Shane,1,0,0,0,0,1
Rodolph,0,0,1,0,0,0
Caldwell,0,0,1,0,0,0
Jeri,1,0,0,0,0,1
Suzanna,1,1,1,0,0,1
Rutger,0,0,1,0,0,0
Wakefield,0,0,1,0,0,0
Berri,1,0,0,0,0,1
Deedee,1,0,1,0,0,1
Gerri,1,0,0,0,0,0
Uriah,0,0,0,1,0,0
Wilone,1,0,1,0,0,1
Patsy,0,0,0,0,1,0
Lilias,0,0,1,0,0,1
Rosemonde,1,0,1,0,0,1
Addie,1,0,0,1,0,1
Evan,0,0,0,1,0,0
Aileen,0,0,1,1,0,1
Sarine,1,0,1,0,0,1
Kendall,0,0,1,0,0,0
Deonne,1,0,1,0,0,1
Aggie,1,0,0,1,0,1
Elianore,1,0,1,1,0,1
Libbie,1,0,1,0,0,1
Ninetta,1,1,1,0,0,1
Honoria,1,1,1,0,0,1
Allyn,0,0,0,1,1,1
Ralina,1,1,1,0,0,1
Elsi,1,0,0,1,0,1
Tabbie,1,0,1,0,0,0
Christiano,0,0,1,0,0,0
Shina,1,1,0,0,0,1
Federica,1,1,1,0,0,1
Monroe,1,0,1,0,0,0
Fernande,1,0,1,0,0,1
Josee,1,0,0,0,0,1
Berry,0,0,0,0,1,1
Arielle,1,0,1,1,0,1
Rogers,0,0,1,0,0,0
Bridie,1,0,1,0,0,1
Dimitrou,0,0,1,0,0,0
Saunderson,0,0,1,0,0,0
Cecelia,1,1,1,0,0,1
Jesus,0,0,0,0,0,0
Pansy,0,0,0,0,1,1
Adela,1,1,0,1,0,1
Gregor,0,0,1,0,0,0
Spense,1,0,1,0,0,0
Deina,1,1,0,0,0,1
Candis,0,0,1,0,0,1
Neron,0,0,0,0,0,0
Sonya,1,1,0,0,1,1
Omar,0,0,0,1,0,0
Arabela,1,1,1,1,0,1
Jeromy,0,0,1,0,1,0
Sigfrid,0,0,1,0,0,0
Vladamir,0,0,1,0,0,0
Blair,0,0,0,0,0,1
Gaby,0,0,0,0,1,1
Janessa,1,1,1,0,0,1
Melosa,1,1,1,0,0,1
Thomasa,1,1,1,0,0,1
Aloysius,0,0,1,1,1,0
Ninnetta,1,1,1,0,0,1
Freddie,1,0,1,0,0,0
Anallise,1,0,1,1,0,1
Scotty,0,0,1,0,1,1
Lynne,1,0,0,0,1,1
Towny,0,0,0,0,1,0
Eloise,1,0,1,1,0,1
Lura,1,1,0,0,0,1
Lev,0,0,0,0,0,0
Gusella,1,1,1,0,0,1
Isaiah,0,0,1,1,0,0
Iggie,1,0,0,1,0,0
Annamarie,1,0,1,1,0,1
Patricio,0,0,1,0,0,0
Jeannie,1,0,1,0,0,1
Tabina,1,1,1,0,0,1
Kameko,0,0,1,0,0,1
Quent,0,0,0,0,0,0
Geraldine,1,0,1,0,0,1
Tremayne,1,0,1,0,1,0
Shirl,0,0,0,0,0,1
Danny,0,0,0,0,1,1
Jenna,1,1,0,0,0,1
Constancy,0,0,1,0,1,1
Tarzan,0,0,1,0,0,0
Javier,0,0,1,0,0,0
Fallon,0,0,1,0,0,1
Deanna,1,1,1,0,0,1
Lissie,1,0,1,0,0,1
Richie,1,0,1,0,0,0
Sue,0,0,0,0,0,1
Lucie,1,0,0,0,0,1
Margarita,1,1,1,0,0,1
Kathie,1,0,1,0,0,1
Pepe,0,0,0,0,0,0
Leonidas,0,0,1,0,0,0
Veriee,1,0,1,0,0,1
Jacklin,0,0,1,0,0,1
Emmett,0,0,1,1,0,0
Malanie,1,0,1,0,0,1
Nadean,0,0,1,0,0,1
Tuck,0,0,0,0,0,0
Natty,0,0,0,0,1,1
Aubrette,1,0,1,1,0,1
Dannie,1,0,1,0,0,1
Carilyn,0,0,1,0,1,1
See,0,0,0,0,0,0
Katinka,1,1,1,0,0,1
Zachary,0,0,1,0,1,0
Darleen,0,0,1,0,0,1
Davin,0,0,0,0,0,0
Cary,0,0,0,0,1,0
Reginauld,0,0,1,0,0,0
Gertrudis,0,0,1,0,0,1
Melamie,1,0,1,0,0,1
Tillie,1,0,1,0,0,1
Mose,0,0,0,0,0,0
Dawson,0,0,1,0,0,0
Worthy,0,0,1,0,1,0
Letisha,1,1,1,0,0,1
Dorelle,1,0,1,0,0,1
Carmelle,1,0,1,0,0,1
Carleigh,0,0,1,0,0,0
Laurianne,1,0,1,0,0,1
Jenelle,1,0,1,0,0,1
Rebecka,1,1,1,0,0,1
Willdon,0,0,1,0,0,0
Godfrey,0,0,1,0,1,0
Ruby,0,0,0,0,1,1
Masha,1,1,0,0,0,1
Connie,1,0,1,0,0,1
Artur,0,0,0,1,0,0
Guendolen,0,0,1,0,0,1
Kathrine,1,0,1,0,0,1
Alejandra,1,1,1,1,0,1
Tania,1,1,0,0,0,1
Samson,0,0,1,0,0,0
Tilda,1,1,0,0,0,1
Marquita,1,1,1,0,0,1
Vilma,1,1,0,0,0,1
Anatol,0,0,1,1,0,0
Desmund,0,0,1,0,0,0
Steffen,0,0,1,0,0,0
Cinda,1,1,0,0,0,1
Roselyn,0,0,1,0,1,1
Heather,0,0,1,0,0,1
Craig,0,0,0,0,0,0
Huntlee,1,0,1,0,0,0
Darell,0,0,1,0,0,1
Sara,1,1,0,0,0,1
Orsa,1,1,0,1,0,1
Joey,0,0,0,0,1,0
Luke,0,0,0,0,0,0
Cristal,0,0,1,0,0,1
Al,0,0,0,1,0,0
Umeko,0,0,0,1,0,1
Crista,1,1,1,0,0,1
Sinclair,0,0,1,0,0,0
Anica,1,1,0,1,0,1
Vail,0,0,0,0,0,0
Orson,0,0,0,1,0,0
Konstance,1,0,1,0,0,1
Ford,0,0,0,0,0,0
Cynthy,0,0,1,0,1,1
Marilee,1,0,1,0,0,1
Jewel,0,0,0,0,0,1
Madlin,0,0,1,0,0,1
Jacquelynn,0,0,1,0,1,1
Sol,0,0,0,0,0,0
Penelope,1,0,1,0,0,1
Happy,0,0,0,0,1,1
Adi,1,0,0,1,0,1
Barty,0,0,0,0,1,0
Ezechiel,0,0,1,1,0,0
Enrica,1,1,1,1,0,1
Julianne,1,0,1,0,0,1
Christof,0,0,1,0,0,0
Orelie,1,0,1,1,0,1
Berkeley,0,0,1,0,1,0
Georgeanne,1,0,1,0,0,1
Herrmann,0,0,1,0,0,0
Cleo,0,0,0,0,0,1
Galina,1,1,1,0,0,1
Dorothee,1,0,1,0,0,1
Fidel,0,0,0,0,0,0
Sadie,1,0,0,0,0,1
Clark,0,0,0,0,0,0
Ruddie,1,0,1,0,0,0
Laverna,1,1,1,0,0,1
Leanor,0,0,1,0,0,1
Rees,0,0,0,0,0,0
Cal,0,0,0,0,0,0
Heathcliff,0,0,1,0,0,0
Skipp,0,0,0,0,0,0
Adore,1,0,0,1,0,1
Jobie,1,0,0,0,0,1
Vijay,0,0,0,0,1,0
Maggy,0,0,0,0,1,1
Roana,1,1,0,0,0,1
Selena,1,1,1,0,0,1
Matthew,0,0,1,0,0,0
Kit,0,0,0,0,0,1
Shawnee,1,0,1,0,0,1
Waverley,0,0,1,0,1,0
Nydia,1,1,0,0,1,1
Harmony,0,0,1,0,1,1
Ethelind,0,0,1,1,0,1
Katey,0,0,0,0,1,1
Corinna,1,1,1,0,0,1
Angel,0,0,0,1,0,0
Maryann,0,0,1,0,1,1
Alain,0,0,0,1,0,0
Tiebout,0,0,1,0,0,0
Charlotte,1,0,1,0,0,1
Celinda,1,1,1,0,0,1
Paule,1,0,0,0,0,1
Forrester,0,0,1,0,0,0
Ernesto,0,0,1,1,0,0
Mellicent,0,0,1,0,0,1
Elysee,1,0,1,1,1,1
Leonhard,0,0,1,0,0,0
Dagmar,0,0,1,0,0,1
Pamella,1,1,1,0,0,1
Thibaud,0,0,1,0,0,0
Wilona,1,1,1,0,0,1
Concordia,1,1,1,0,0,1
Brittany,0,0,1,0,1,1
Dorey,0,0,0,0,1,1
Dorrie,1,0,1,0,0,1
Waly,0,0,0,0,1,1
Dante,1,0,0,0,0,0
Jonny,0,0,0,0,1,0
Moina,1,1,0,0,0,1
France,1,0,1,0,0,1
Merla,1,1,0,0,0,1
Riva,1,1,0,0,0,1
Chaddie,1,0,1,0,0,0
Cindra,1,1,1,0,0,1
Horatius,0,0,1,0,0,0
Tella,1,1,0,0,0,1
Benny,0,0,0,0,1,1
Kandace,1,0,1,0,0,1
Enid,0,0,0,1,0,1
Mort,0,0,0,0,0,0
John,0,0,0,0,0,0
Querida,1,1,1,0,0,1
Barnabe,1,0,1,0,0,0
Ruthy,0,0,0,0,1,1
Zena,1,1,0,0,0,1
Enoch,0,0,0,1,0,0
Ursala,1,1,1,1,0,1
Gabriell,0,0,1,0,0,1
Alison,0,0,1,1,0,1
Dwain,0,0,0,0,0,0
Lovell,0,0,1,0,0,0
Lamar,0,0,0,0,0,0
Gilbert,0,0,1,0,0,0
Natka,1,1,0,0,0,1
Alexine,1,0,1,1,0,1
Moses,0,0,0,0,0,0
Delbert,0,0,1,0,0,0
Madelena,1,1,1,0,0,1
Bette-Ann,0,0,1,0,0,1
Ernesta,1,1,1,1,0,1
Tyrone,1,0,1,0,1,0
Octavius,0,0,1,1,0,0
Giraldo,0,0,1,0,0,0
Prent,0,0,0,0,0,0
Brigid,0,0,1,0,0,1
Susannah,0,0,1,0,0,1
Harriott,0,0,1,0,0,1
Willi,1,0,0,0,0,0
Sher,0,0,0,0,0,1
Hayley,0,0,1,0,1,1
Mick,0,0,0,0,0,0
Artie,1,0,0,1,0,0
Christos,0,0,1,0,0,0
Stearn,0,0,1,0,0,0
Cele,0,0,0,0,0,1
Zsazsa,1,1,1,0,0,1
Carlynne,1,0,1,0,1,1
Arlena,1,1,1,1,0,1
Sacha,1,1,0,0,0,1
Joell,0,0,0,0,0,1
Evette,1,0,1,1,0,1
Modesty,0,0,1,0,1,1
Corinne,1,0,1,0,0,1
Dennie,1,0,1,0,0,1
Christopher,0,0,1,0,0,0
Rex,0,0,0,0,0,0
Rhona,1,1,0,0,0,1
Darlene,1,0,1,0,0,1
Andri,1,0,0,1,0,0
Shelley,0,0,1,0,1,1
Aubry,0,0,0,1,1,1
Koo,0,0,0,0,0,1
Lacee,1,0,0,0,0,1
Trixi,1,0,0,0,0,1
Timmy,0,0,0,0,1,0
Stafford,0,0,1,0,0,0
Dasya,1,1,0,0,1,1
Malory,0,0,1,0,1,1
Donelle,1,0,1,0,0,1
Merrily,0,0,1,0,1,1
Peta,1,1,0,0,0,1
Pablo,0,0,0,0,0,0
Dimitris,0,0,1,0,0,0
Garvy,0,0,0,0,1,0
Simonne,1,0,1,0,0,1
Garvin,0,0,1,0,0,0
Kristen,0,0,1,0,0,1
Dinny,0,0,0,0,1,1
Emyle,1,0,0,1,1,1
Piotr,0,0,0,0,0,0
Del,0,0,0,0,0,0
Kyla,1,1,0,0,1,1
Phillip,0,0,1,0,0,0
Ismail,0,0,1,1,0,0
Joyan,0,0,0,0,1,1
Blakelee,1,0,1,0,0,1
Erna,1,1,0,1,0,1
Cresa,1,1,0,0,0,1
Camel,0,0,0,0,0,1
Gaven,0,0,0,0,0,0
Gerri,1,0,0,0,0,1
Jolene,1,0,1,0,0,1
Daffy,0,0,0,0,1,0
Marty,0,0,0,0,1,0
Berkie,1,0,1,0,0,0
Ninnette,1,0,1,0,0,1
Lindy,0,0,0,0,1,0
Fritz,0,0,0,0,0,0
Maura,1,1,0,0,0,1
Marysa,1,1,1,0,1,1
Daisi,1,0,0,0,0,1
Filip,0,0,0,0,0,0
Roxana,1,1,1,0,0,1
Madel,0,0,0,0,0,1
Ben,0,0,0,0,0,0
Patti,1,0,0,0,0,1
Nena,1,1,0,0,0,1
Jonathan,0,0,1,0,0,0
Osbert,0,0,1,1,0,0
Jeraldine,1,0,1,0,0,1
Gideon,0,0,1,0,0,0
Ortensia,1,1,1,1,0,1
Kostas,0,0,1,0,0,0
Tess,0,0,0,0,0,1
Forbes,0,0,1,0,0,0
Vladimir,0,0,1,0,0,0
Madella,1,1,1,0,0,1
Daryl,0,0,0,0,1,0
Pepito,0,0,1,0,0,0
Godart,0,0,1,0,0,0
Gustave,1,0,1,0,0,0
Benn,0,0,0,0,0,0
Lion,0,0,0,0,0,0
Whitaker,0,0,1,0,0,0
Petronia,1,1,1,0,0,1
Louis,0,0,0,0,0,0
Devora,1,1,1,0,0,1
Isabelle,1,0,1,1,0,1
Enrichetta,1,1,1,1,0,1
Marlo,0,0,0,0,0,0
Edsel,0,0,0,1,0,0
William,0,0,1,0,0,0
Anna-Maria,1,1,1,1,0,1
Margurite,1,0,1,0,0,1
Otho,0,0,0,1,0,0
Deni,1,0,0,0,0,1
Erek,0,0,0,1,0,0
Jillane,1,0,1,0,0,1
Myrta,1,1,0,0,1,1
Arnold,0,0,1,1,0,0
Tally,0,0,0,0,1,0
Winifield,0,0,1,0,0,0
Terencio,0,0,1,0,0,0
Jeth,0,0,0,0,0,0
Fazeel,0,0,1,0,0,0
Fara,1,1,0,0,0,1
Rajeev,0,0,1,0,0,0
Wald,0,0,0,0,0,0
Tina,1,1,0,0,0,1
Magnum,0,0,1,0,0,0
Sonja,1,1,0,0,0,1
Paddy,0,0,0,0,1,0
Cameo,0,0,0,0,0,1
Douglas,0,0,1,0,0,0
Lorna,1,1,0,0,0,1
Bella,1,1,0,0,0,1
Blondie,1,0,1,0,0,1
Rivy,0,0,0,0,1,1
Kinna,1,1,0,0,0,1
Ephram,0,0,1,1,0,0
Maren,0,0,0,0,0,1
Oberon,0,0,1,1,0,0
Christ,0,0,1,0,0,0
Olaf,0,0,0,1,0,0
Allegra,1,1,1,1,0,1
Davidson,0,0,1,0,0,0
Norah,0,0,0,0,0,1
Vanda,1,1,0,0,0,1
Laurent,0,0,1,0,0,0
Giacinta,1,1,1,0,0,1
Rodrigo,0,0,1,0,0,0
Janis,0,0,0,0,0,1
Gertie,1,0,1,0,0,1
Michaeline,1,0,1,0,0,1
Westleigh,0,0,1,0,0,0
Evy,0,0,0,1,1,1
Hellene,1,0,1,0,0,1
Marj,0,0,0,0,0,1
Elysia,1,1,1,1,1,1
Edgardo,0,0,1,1,0,0
Isidora,1,1,1,1,0,1
Hewe,0,0,0,0,0,0
Hassan,0,0,1,0,0,0
Lorinda,1,1,1,0,0,1
Albatros,0,0,1,1,0,0
Ilona,1,1,0,1,0,1
Mariam,0,0,1,0,0,1
Doretta,1,1,1,0,0,1
Kendre,1,0,1,0,0,1
Ardyth,0,0,1,1,1,1
Rycca,1,1,0,0,1,1
Kelsi,1,0,0,0,0,1
Lacey,0,0,0,0,1,1
Godwin,0,0,1,0,0,0
Bonny,0,0,0,0,1,1
Marmaduke,1,0,1,0,0,0
Jaine,1,0,0,0,0,1
Stanleigh,0,0,1,0,0,0
Maud,0,0,0,0,0,1
Cherice,1,0,1,0,0,1
Romola,1,1,1,0,0,1
Gennie,1,0,1,0,0,1
Flore,1,0,0,0,0,1
Corabelle,1,0,1,0,0,1
Amabel,0,0,1,1,0,1
Fortune,1,0,1,0,0,1
Butch,0,0,0,0,0,0
Adolfo,0,0,1,1,0,0
Arron,0,0,0,1,0,0
Elenore,1,0,1,1,0,1
Vanny,0,0,0,0,1,1
Em,0,0,0,1,0,1
Rhiamon,0,0,1,0,0,1
Karleen,0,0,1,0,0,1
Orsola,1,1,1,1,0,1
Sibyl,0,0,0,0,1,1
Kaye,0,0,0,0,1,1
Glyn,0,0,0,0,1,1
Gerda,1,1,0,0,0,1
Zacharie,1,0,1,0,0,0
Magda,1,1,0,0,0,1
Sullivan,0,0,1,0,0,0
Beatrix,0,0,1,0,0,1
Timmie,1,0,1,0,0,0
Chancey,0,0,1,0,1,0
Arda,1,1,0,1,0,1
Sybilla,1,1,1,0,1,1
Nickie,1,0,1,0,0,0
Hanan,0,0,0,0,0,0
Ferd,0,0,0,0,0,0
Alejandrina,1,1,1,1,0,1
Aub,0,0,0,1,0,0
Cassandra,1,1,1,0,0,1
Gina,1,1,0,0,0,1
Joanne,1,0,1,0,0,1
Blayne,1,0,1,0,1,0
Shirlene,1,0,1,0,0,1
Marne,1,0,0,0,0,1
Moll,0,0,0,0,0,1
Dannie,1,0,1,0,0,0
Theo,0,0,0,0,0,0
Adara,1,1,0,1,0,1
Greggory,0,0,1,0,1,0
Anastasie,1,0,1,1,0,1
Radcliffe,1,0,1,0,0,0
Goldi,1,0,0,0,0,1
Mavra,1,1,0,0,0,1
Shandy,0,0,1,0,1,1
Scotty,0,0,1,0,1,0
Pearle,1,0,1,0,0,1
Sherlock,0,0,1,0,0,0
Athena,1,1,1,1,0,1
Christy,0,0,1,0,1,1
Darci,1,0,0,0,0,1
Rochester,0,0,1,0,0,0
Velvet,0,0,1,0,0,1
Min,0,0,0,0,0,1
Osbourne,1,0,1,1,0,0
Lib,0,0,0,0,0,1
Leone,1,0,0,0,0,1
Isobel,0,0,1,1,0,1
Selie,1,0,0,0,0,1
Ethelin,0,0,1,1,0,1
Johann,0,0,1,0,0,0
Cathlene,1,0,1,0,0,1
Pierrette,1,0,1,0,0,1
Benedict,0,0,1,0,0,0
Rosabel,0,0,1,0,0,1
Brianne,1,0,1,0,0,1
Ferne,1,0,0,0,0,1
Johannah,0,0,1,0,0,1
Roberta,1,1,1,0,0,1
Prentiss,0,0,1,0,0,0
Dmitri,1,0,1,0,0,0
Alicea,1,1,1,1,0,1
Yevette,1,0,1,1,1,1
Norman,0,0,1,0,0,0
Moreen,0,0,1,0,0,1
Jewell,0,0,1,0,0,1
Donetta,1,1,1,0,0,1
Lemar,0,0,0,0,0,0
Andy,0,0,0,1,1,0
Ofelia,1,1,1,1,0,1
Lila,1,1,0,0,0,1
Brit,0,0,0,0,0,1
Theressa,1,1,1,0,0,1
Sophie,1,0,1,0,0,1
Dorcas,0,0,1,0,0,1
Lane,0,0,0,0,0,0
Eugene,1,0,1,1,0,0
Philippa,1,1,1,0,0,1
Felice,1,0,1,0,0,0
Aina,1,1,0,1,0,1
Kelsey,0,0,1,0,1,0
Rochette,1,0,1,0,0,1
Hale,0,0,0,0,0,0
Ricard,0,0,1,0,0,0
Sosanna,1,1,1,0,0,1
Alston,0,0,1,1,0,0
Britt,0,0,0,0,0,1
Avraham,0,0,1,1,0,0
Row,0,0,0,0,0,1
Prasun,0,0,1,0,0,0
Katerina,1,1,1,0,0,1
Ansell,0,0,1,1,0,0
Mathias,0,0,1,0,0,0
Maire,1,0,0,0,0,1
Gillian,0,0,1,0,0,1
Martie,1,0,1,0,0,1
Lyle,0,0,0,0,1,0
Elise,1,0,0,1,0,1
Ingaborg,0,0,1,1,0,1
Ricky,0,0,0,0,1,1
Ellette,1,0,1,1,0,1
Anton,0,0,0,1,0,0
Thaddeus,0,0,1,0,0,0
Brynn,0,0,0,0,1,1
Fabrice,1,0,1,0,0,1
Prudi,1,0,0,0,0,1
Jodie,1,0,0,0,0,0
Elwira,1,1,1,1,0,1
Amata,1,1,0,1,0,1
Shauna,1,1,1,0,0,1
Shana,1,1,0,0,0,1
Ayn,0,0,0,1,1,1
Mora,1,1,0,0,0,1
Carlin,0,0,1,0,0,0
Marsh,0,0,0,0,0,0
Paulo,0,0,0,0,0,0
Krystle,1,0,1,0,1,1
Worth,0,0,0,0,0,0
Cecil,0,0,0,0,0,1
Cordie,1,0,1,0,0,1
Adriena,1,1,1,1,0,1
Frances,0,0,1,0,0,1
Dolora,1,1,1,0,0,1
Silvano,0,0,1,0,0,0
Karie,1,0,0,0,0,1
Armand,0,0,1,1,0,0
Tilly,0,0,0,0,1,1
Rog,0,0,0,0,0,0
Darryl,0,0,1,0,1,0
Kanya,1,1,0,0,1,1
Durward,0,0,1,0,0,0
Bartel,0,0,1,0,0,0
Dorit,0,0,0,0,0,1
Chrysa,1,1,1,0,1,1
Barnaby,0,0,1,0,1,0
Hamlet,0,0,1,0,0,0
Eliott,0,0,1,1,0,0
Billi,1,0,0,0,0,1
Percy,0,0,0,0,1,0
Pincas,0,0,1,0,0,0
Sallyann,0,0,1,0,1,1
Reginald,0,0,1,0,0,0
Charlott,0,0,1,0,0,1
Jonie,1,0,0,0,0,1
Ruth,0,0,0,0,0,1
Rhett,0,0,0,0,0,0
Mattie,1,0,1,0,0,0
Cariotta,1,1,1,0,0,1
Twyla,1,1,0,0,1,1
Ronnie,1,0,1,0,0,0
Lyn,0,0,0,0,1,1
Melisande,1,0,1,0,0,1
Emiline,1,0,1,1,0,1
Robinetta,1,1,1,0,0,1
Graig,0,0,0,0,0,0
Abigael,0,0,1,1,0,1
Liana,1,1,0,0,0,1
Cappella,1,1,1,0,0,1
Bernetta,1,1,1,0,0,1
Danya,1,1,0,0,1,1
Kris,0,0,0,0,0,1
Clare,1,0,0,0,0,0
Petey,0,0,0,0,1,0
Ellen,0,0,0,1,0,1
Candace,1,0,1,0,0,1
Marilin,0,0,1,0,0,1
Jermaine,1,0,1,0,0,1
Kellia,1,1,1,0,0,1
Randie,1,0,1,0,0,1
Dyann,0,0,0,0,1,1
Magna,1,1,0,0,0,1
Abbott,0,0,1,1,0,0
Pietra,1,1,1,0,0,1
Jacquenette,1,0,1,0,0,1
Skylar,0,0,1,0,1,0
Camille,1,0,1,0,0,1
Deloria,1,1,1,0,0,1
Kassie,1,0,1,0,0,1
Huey,0,0,0,0,1,0
Chen,0,0,0,0,0,0
Mason,0,0,0,0,0,0
Zitella,1,1,1,0,0,1
Lilah,0,0,0,0,0,1
Alix,0,0,0,1,0,0
Betti,1,0,0,0,0,1
Desdemona,1,1,1,0,0,1
Linus,0,0,0,0,0,0
Lennie,1,0,1,0,0,0
Auguste,1,0,1,1,0,1
Matty,0,0,0,0,1,0
Meade,1,0,0,0,0,0
Scotti,1,0,1,0,0,0
Tresa,1,1,0,0,0,1
Creighton,0,0,1,0,0,0
Alexander,0,0,1,1,0,0
Edwina,1,1,1,1,0,1
Merline,1,0,1,0,0,1
Hermine,1,0,1,0,0,1
Neely,0,0,0,0,1,1
Revkah,0,0,1,0,0,1
Lynna,1,1,0,0,1,1
Samuela,1,1,1,0,0,1
Page,0,0,0,0,0,1
Jennica,1,1,1,0,0,1
Chauncey,0,0,1,0,1,0
Alastair,0,0,1,1,0,0
Anetta,1,1,1,1,0,1
Deva,1,1,0,0,0,1
Micky,0,0,0,0,1,1
Walsh,0,0,0,0,0,0
Westley,0,0,1,0,1,0
Candy,0,0,0,0,1,1
Keenan,0,0,1,0,0,0
Doralia,1,1,1,0,0,1
Bertha,1,1,1,0,0,1
Baxter,0,0,1,0,0,0
Cassy,0,0,0,0,1,1
Peg,0,0,0,0,0,1
Billie,1,0,1,0,0,0
Abbe,0,0,0,1,0,1
Gilbertina,1,1,1,0,0,1
Herminia,1,1,1,0,0,1
Aimil,0,0,0,1,0,1
Charity,0,0,1,0,1,1
Joby,0,0,0,0,1,1
Yonina,1,1,1,1,1,1
Dougie,1,0,1,0,0,0
Arleyne,1,0,1,1,1,1
Aron,0,0,0,1,0,0
Golda,1,1,0,0,0,1
Skelly,0,0,1,0,1,0
Nels,0,0,0,0,0,0
Tammie,1,0,1,0,0,0
Tamas,0,0,0,0,0,0
Jervis,0,0,1,0,0,0
Marice,1,0,1,0,0,1
Matty,0,0,0,0,1,1
Carmel,0,0,1,0,0,1
Jacynth,0,0,1,0,1,1
Bird,0,0,0,0,0,1
Edgar,0,0,0,1,0,0
Penny,0,0,0,0,1,1
Alexei,1,0,1,1,0,0
Lanni,1,0,0,0,0,1
Randie,1,0,1,0,0,0
Ruperto,0,0,1,0,0,0
Quentin,0,0,1,0,0,1
Tessie,1,0,1,0,0,1
Angelico,0,0,1,1,0,0
Uri,1,0,0,1,0,0
Margo,0,0,0,0,0,1
Ambros,0,0,1,1,0,0
Nathan,0,0,1,0,0,0
Abdel,0,0,0,1,0,0
Garfield,0,0,1,0,0,0
Camile,1,0,1,0,0,1
Yanaton,0,0,1,1,1,0
Maurise,1,0,1,0,0,1
Dulcine,1,0,1,0,0,1
Rockwell,0,0,1,0,0,0
Blair,0,0,0,0,0,0
Dino,0,0,0,0,0,0
Jasmin,0,0,1,0,0,1
Ward,0,0,0,0,0,0
Lucila,1,1,1,0,0,1
Andra,1,1,0,1,0,1
Lindi,1,0,0,0,0,1
Shilpa,1,1,1,0,0,1
Igor,0,0,0,1,0,0
Shelden,0,0,1,0,0,0
Corena,1,1,1,0,0,1
Shoshana,1,1,1,0,0,1
Ephraim,0,0,1,1,0,0
Clary,0,0,0,0,1,1
Tedrick,0,0,1,0,0,0
Winslow,0,0,1,0,0,0
Chrissy,0,0,1,0,1,1
Shani,1,0,0,0,0,1
Luelle,1,0,1,0,0,1
Dyna,1,1,0,0,1,1
Britt,0,0,0,0,0,0
Bret,0,0,0,0,0,0
Rand,0,0,0,0,0,0
Shem,0,0,0,0,0,0
Cybil,0,0,0,0,1,1
Madalyn,0,0,1,0,1,1
Brice,1,0,0,0,0,0
Nadia,1,1,0,0,0,1
Orton,0,0,0,1,0,0
Augustus,0,0,1,1,0,0
Anthony,0,0,1,1,1,0
Demetria,1,1,1,0,0,1
Alena,1,1,0,1,0,1
Carey,0,0,0,0,1,1
Corly,0,0,0,0,1,1
Nathanael,0,0,1,0,0,0
Marcio,0,0,1,0,0,0
Sonnie,1,0,1,0,0,0
Merle,1,0,0,0,0,0
Nertie,1,0,1,0,0,1
Dorette,1,0,1,0,0,1
Storey,0,0,1,0,1,1
Roanna,1,1,1,0,0,1
Matthieu,0,0,1,0,0,0
Shanan,0,0,1,0,0,0
Ealasaid,0,0,1,1,0,1
Lebbie,1,0,1,0,0,1
Madelle,1,0,1,0,0,1
Elsa,1,1,0,1,0,1
Skipper,0,0,1,0,0,0
Jed,0,0,0,0,0,0
Imojean,0,0,1,1,0,1
Thedric,0,0,1,0,0,0
Kaitlin,0,0,1,0,0,1
Salvador,0,0,1,0,0,0
Hermia,1,1,1,0,0,1
Marcelia,1,1,1,0,0,1
Brooke,1,0,1,0,0,0
Karlie,1,0,1,0,0,1
Kyle,0,0,0,0,1,0
Rayshell,0,0,1,0,1,1
Howie,1,0,0,0,0,0
Reeta,1,1,0,0,0,1
Rosalind,0,0,1,0,0,1
Ariella,1,1,1,1,0,1
Angelia,1,1,1,1,0,1
Gilli,1,0,0,0,0,1
Irma,1,1,0,1,0,1
Sanson,0,0,1,0,0,0
Eugenie,1,0,1,1,0,1
Guillemette,1,0,1,0,0,1
Shell,0,0,0,0,0,0
Saudra,1,1,1,0,0,1
Claribel,0,0,1,0,0,1
Benny,0,0,0,0,1,0
Er,0,0,0,1,0,0
Joscelin,0,0,1,0,0,1
Niles,0,0,0,0,0,0
Tory,0,0,0,0,1,1
Jotham,0,0,1,0,0,0
Shadow,0,0,1,0,0,0
Phedra,1,1,1,0,0,1
Torey,0,0,0,0,1,1
Carlye,1,0,1,0,1,1
Neile,1,0,0,0,0,1
Aldrich,0,0,1,1,0,0
Dulci,1,0,0,0,0,1
Camellia,1,1,1,0,0,1
Fawna,1,1,0,0,0,1
Kizzee,1,0,1,0,0,1
Elsbeth,0,0,1,1,0,1
Thurston,0,0,1,0,0,0
Rosabelle,1,0,1,0,0,1
Emmie,1,0,0,1,0,1
Otis,0,0,0,1,0,0
Case,0,0,0,0,0,0
Fern,0,0,0,0,0,1
Renee,1,0,0,0,0,1
Shirlee,1,0,1,0,0,1
Burta,1,1,0,0,0,1
Amelita,1,1,1,1,0,1
Nevil,0,0,0,0,0,0
Humbert,0,0,1,0,0,0
Benedicta,1,1,1,0,0,1
Dion,0,0,0,0,0,1
Nealon,0,0,1,0,0,0
Marty,0,0,0,0,1,1
Winona,1,1,1,0,0,1
Natalya,1,1,1,0,1,1
Ryann,0,0,0,0,1,1
Berny,0,0,0,0,1,1
Marianna,1,1,1,0,0,1
Florri,1,0,1,0,0,1
Karon,0,0,0,0,0,1
Nara,1,1,0,0,0,1
Caryl,0,0,0,0,1,1
Walker,0,0,1,0,0,0
Alameda,1,1,1,1,0,1
Annmarie,1,0,1,1,0,1
Norbert,0,0,1,0,0,0
Nicky,0,0,0,0,1,1
Conney,0,0,1,0,1,1
Jennette,1,0,1,0,0,1
Merrill,0,0,1,0,0,0
Andrea,1,1,1,1,0,0
Mateo,0,0,0,0,0,0
Olga,1,1,0,1,0,1
Kaile,1,0,0,0,0,1
Korella,1,1,1,0,0,1
Christy,0,0,1,0,1,0
Erin,0,0,0,1,0,1
Marna,1,1,0,0,0,1
Doug,0,0,0,0,0,0
Penelopa,1,1,1,0,0,1
Dimitry,0,0,1,0,1,0
Dean,0,0,0,0,0,0
Maryangelyn,0,0,1,0,1,1
Shanna,1,1,1,0,0,1
Randolf,0,0,1,0,0,0
Belva,1,1,0,0,0,1
Bianka,1,1,1,0,0,1
Tildy,0,0,0,0,1,1
Margaux,0,0,1,0,0,1
Aurea,1,1,0,1,0,1
Gaynor,0,0,1,0,1,1
Asia,1,1,0,1,0,1
Claudine,1,0,1,0,0,1
Zeus,0,0,0,0,0,0
Sisely,0,0,1,0,1,1
Winford,0,0,1,0,0,0
Norris,0,0,1,0,0,0
Melly,0,0,0,0,1,1
Zandra,1,1,1,0,0,1
Alicia,1,1,1,1,0,1
Selia,1,1,0,0,0,1
Marjy,0,0,0,0,1,1
Hamlen,0,0,1,0,0,0
Garold,0,0,1,0,0,0
Darren,0,0,1,0,0,0
Schuyler,0,0,1,0,1,0
Harri,1,0,0,0,0,1
Endora,1,1,1,1,0,1
Dusty,0,0,0,0,1,1
Vikky,0,0,0,0,1,1
Layney,0,0,1,0,1,1
Arlinda,1,1,1,1,0,1
Lenard,0,0,1,0,0,0
Rica,1,1,0,0,0,1
Mercedes,0,0,1,0,0,1
Ron,0,0,0,0,0,0
Bear,0,0,0,0,0,0
Aloysia,1,1,1,1,1,1
Rosa,1,1,0,0,0,1
Lacy,0,0,0,0,1,1
Darrin,0,0,1,0,0,0
Marsha,1,1,1,0,0,1
Max,0,0,0,0,0,0
Mackenzie,1,0,1,0,0,0
Tann,0,0,0,0,0,0
Urson,0,0,0,1,0,0
Basil,0,0,0,0,0,0
Ingmar,0,0,1,1,0,0
Melitta,1,1,1,0,0,1
Sanderson,0,0,1,0,0,0
Gene,0,0,0,0,0,1
Sully,0,0,0,0,1,0
Frederica,1,1,1,0,0,1
Catlaina,1,1,1,0,0,1
Taffy,0,0,0,0,1,1
Eada,1,1,0,1,0,1
Tarrah,0,0,1,0,0,1
Bellanca,1,1,1,0,0,1
Hill,0,0,0,0,0,0
Michale,1,0,1,0,0,0
Horacio,0,0,1,0,0,0
Thaine,1,0,1,0,0,0
Brooke,1,0,1,0,0,1
Ava,1,1,0,1,0,1
Brenda,1,1,1,0,0,1
Murray,0,0,1,0,1,0
Jeniffer,0,0,1,0,0,1
Lyda,1,1,0,0,1,1
Randall,0,0,1,0,0,0
Betteanne,1,0,1,0,0,1
Catha,1,1,0,0,0,1
Ophelie,1,0,1,1,0,1
Alfie,1,0,0,1,0,0
Christabella,1,1,1,0,0,1
Correna,1,1,1,0,0,1
Fredia,1,1,1,0,0,1
Rubia,1,1,0,0,0,1
Dew,0,0,0,0,0,1
Geof,0,0,0,0,0,0
Silvie,1,0,1,0,0,1
Petrina,1,1,1,0,0,1
Emmalee,1,0,1,1,0,1
Vite,0,0,0,0,0,0
Sioux,0,0,0,0,0,1
Nicolas,0,0,1,0,0,0
Nichols,0,0,1,0,0,0
Sabine,1,0,1,0,0,1
Tuesday,0,0,1,0,1,1
Christin,0,0,1,0,0,1
Morrie,1,0,1,0,0,0
Theresita,1,1,1,0,0,1
Fianna,1,1,1,0,0,1
Clint,0,0,0,0,0,0
Janeen,0,0,1,0,0,1
Jessamyn,0,0,1,0,1,1
Alejandro,0,0,1,1,0,0
Emmey,0,0,0,1,1,1
Krishna,1,1,1,0,0,0
Niki,1,0,0,0,0,0
Beth,0,0,0,0,0,1
Gwyn,0,0,0,0,1,1
Jimmy,0,0,0,0,1,0
Sampson,0,0,1,0,0,0
Ardith,0,0,1,1,0,1
Klaus,0,0,0,0,0,0
Gail,0,0,0,0,0,1
Wolfram,0,0,1,0,0,0
Nadeen,0,0,1,0,0,1
Lanny,0,0,0,0,1,1
Eunice,1,0,1,1,0,1
Heide,1,0,0,0,0,1
Meggy,0,0,0,0,1,1
Timothee,1,0,1,0,0,0
Chloris,0,0,1,0,0,1
Matt,0,0,0,0,0,0
Pembroke,1,0,1,0,0,0
Theda,1,1,0,0,0,1
Rosamond,0,0,1,0,0,1
Ted,0,0,0,0,0,1
Meredith,0,0,1,0,0,0
Ange,0,0,0,1,0,1
Peggie,1,0,1,0,0,1
Grace,1,0,0,0,0,1
Edmond,0,0,1,1,0,0
Chrysler,0,0,1,0,1,1
Hildagarde,1,0,1,0,0,1
Corbin,0,0,1,0,0,0
Aurlie,1,0,1,1,0,1
Deb,0,0,0,0,0,1
Letti,1,0,0,0,0,1
Samaria,1,1,1,0,0,1
Royal,0,0,0,0,1,0
Valry,0,0,0,0,1,1
Katine,1,0,1,0,0,1
Wilek,0,0,0,0,0,0
Ruperta,1,1,1,0,0,1
Dolli,1,0,0,0,0,1
Trixie,1,0,1,0,0,1
Adriaens,0,0,1,1,0,1
Miran,0,0,0,0,0,1
Riannon,0,0,1,0,0,1
Maurita,1,1,1,0,0,1
Kania,1,1,0,0,0,1
Arvin,0,0,0,1,0,0
Ilsa,1,1,0,1,0,1
Christa,1,1,1,0,0,1
Toby,0,0,0,0,1,1
Ethelyn,0,0,1,1,1,1
Valaria,1,1,1,0,0,1
Vito,0,0,0,0,0,0
Jeffie,1,0,1,0,0,0
Chip,0,0,0,0,0,0
Salomo,0,0,1,0,0,0
Arturo,0,0,1,1,0,0
Cyrill,0,0,1,0,1,0
Nanine,1,0,1,0,0,1
Willy,0,0,0,0,1,0
TeresaAnne,1,0,1,0,0,1
Lynnette,1,0,1,0,1,1
Bartholomew,0,0,1,0,0,0
Stan,0,0,0,0,0,0
Philomena,1,1,1,0,0,1
Harvie,1,0,1,0,0,0
Elayne,1,0,1,1,1,1
Genevra,1,1,1,0,0,1
Cissie,1,0,1,0,0,1
Juliana,1,1,1,0,0,1
Linnea,1,1,1,0,0,1
Daveen,0,0,1,0,0,1
Mag,0,0,0,0,0,1
Jaime,1,0,0,0,0,1
Daniele,1,0,1,0,0,1
Cassey,0,0,1,0,1,1
Kim,0,0,0,0,0,0
Adina,1,1,0,1,0,1
Gabriella,1,1,1,0,0,1
Nealson,0,0,1,0,0,0
Ariadne,1,0,1,1,0,1
Dian,0,0,0,0,0,1
Shari,1,0,0,0,0,1
Meggan,0,0,1,0,0,1
Charles,0,0,1,0,0,0
Cynthie,1,0,1,0,1,1
Michal,0,0,1,0,0,1
Zackariah,0,0,1,0,0,0
Mirabelle,1,0,1,0,0,1
Annadiane,1,0,1,1,0,1
Erinn,0,0,0,1,0,1
Randolph,0,0,1,0,0,0
Reggi,1,0,0,0,0,1
Abelard,0,0,1,1,0,0
Hattie,1,0,1,0,0,1
Margeaux,0,0,1,0,0,1
Charyl,0,0,1,0,1,1
Talya,1,1,0,0,1,1
Talyah,0,0,1,0,1,1
Sharline,1,0,1,0,0,1
Xever,0,0,0,0,0,0
Gusty,0,0,0,0,1,1
Belinda,1,1,1,0,0,1
Elianora,1,1,1,1,0,1
Janie,1,0,0,0,0,1
Antonetta,1,1,1,1,0,1
Marry,0,0,0,0,1,1
Chevy,0,0,0,0,1,0
Clinten,0,0,1,0,0,0
Teresita,1,1,1,0,0,1
Neysa,1,1,0,0,1,1
Evelina,1,1,1,1,0,1
Claude,1,0,1,0,0,1
Denyse,1,0,1,0,1,1
Zaria,1,1,0,0,0,1
Stepha,1,1,1,0,0,1
Kathryn,0,0,1,0,1,1
Linzy,0,0,0,0,1,1
Dabney,0,0,1,0,1,0
Reube,1,0,0,0,0,0
Margaretta,1,1,1,0,0,1
Isadore,1,0,1,1,0,1
Alli,1,0,0,1,0,1
Mikhail,0,0,1,0,0,0
Pearline,1,0,1,0,0,1
Norina,1,1,1,0,0,1
Caresa,1,1,1,0,0,1
Cobbie,1,0,1,0,0,0
Garp,0,0,0,0,0,0
Else,0,0,0,1,0,1
Herman,0,0,1,0,0,0
Gerianne,1,0,1,0,0,1
Amalie,1,0,1,1,0,1
Zippy,0,0,0,0,1,0
Roscoe,1,0,1,0,0,0
Merrili,1,0,1,0,0,1
Rhianna,1,1,1,0,0,1
Alyss,0,0,0,1,1,1
Abra,1,1,0,1,0,1
Wynne,1,0,0,0,1,1
Liora,1,1,0,0,0,1
Verge,1,0,0,0,0,0
Verile,1,0,1,0,0,1
Leonora,1,1,1,0,0,1
Bernd,0,0,0,0,0,0
Skell,0,0,0,0,0,0
Collins,0,0,1,0,0,0
Fredrick,0,0,1,0,0,0
Hannah,0,0,1,0,0,1
Delcina,1,1,1,0,0,1
Lily,0,0,0,0,1,1
Abbey,0,0,0,1,1,0
Sebastian,0,0,1,0,0,0
Barbara-Anne,1,0,1,0,0,1
Lenore,1,0,1,0,0,1
Nelli,1,0,0,0,0,1
Eli,1,0,0,1,0,0
Brear,0,0,0,0,0,1
Hermina,1,1,1,0,0,1
Berni,1,0,0,0,0,1
Inci,1,0,0,1,0,1
Rosalinde,1,0,1,0,0,1
Aldric,0,0,1,1,0,0
Anestassia,1,1,1,1,0,1
Christiane,1,0,1,0,0,1
Bryan,0,0,0,0,1,0
Sarena,1,1,1,0,0,1
Rozele,1,0,1,0,0,1
Dodie,1,0,0,0,0,1
Rey,0,0,0,0,1,0
Krystyna,1,1,1,0,1,1
Rebbecca,1,1,1,0,0,1
Diandra,1,1,1,0,0,1
Alane,1,0,0,1,0,1
Ambrosio,0,0,1,1,0,0
Pace,0,0,0,0,0,0
Chrystel,0,0,1,0,1,1
Jermain,0,0,1,0,0,0
Wit,0,0,0,0,0,0
Bamby,0,0,0,0,1,1
Clayborne,1,0,1,0,1,0
Zach,0,0,0,0,0,0
Saxon,0,0,0,0,0,0
Paige,1,0,0,0,0,0
Glory,0,0,0,0,1,1
Val,0,0,0,0,0,0
Sheela,1,1,1,0,0,1
Reese,1,0,0,0,0,0
Rad,0,0,0,0,0,0
Beryl,0,0,0,0,1,1
Madeline,1,0,1,0,0,1
Magnus,0,0,1,0,0,0
Dedie,1,0,0,0,0,1
Benjamen,0,0,1,0,0,0
Andros,0,0,1,1,0,0
Juana,1,1,0,0,0,1
Buffy,0,0,0,0,1,1
Ivett,0,0,0,1,0,1
Hans-Peter,0,0,1,0,0,0
Weylin,0,0,1,0,1,0
Zilvia,1,1,1,0,0,1
Sollie,1,0,1,0,0,0
Eben,0,0,0,1,0,0
Rhea,1,1,0,0,0,1
Janith,0,0,1,0,0,1
Stacey,0,0,1,0,1,1
Denis,0,0,0,0,0,0
Orrin,0,0,0,1,0,0
Matias,0,0,1,0,0,0
Felisha,1,1,1,0,0,1
Jarvis,0,0,1,0,0,0
Lonny,0,0,0,0,1,0
Davide,1,0,1,0,0,0
Errol,0,0,0,1,0,0
Brad,0,0,0,0,0,0
Onlea,1,1,0,1,0,1
Dorie,1,0,0,0,0,1
Libby,0,0,0,0,1,1
Maya,1,1,0,0,1,1
Lynett,0,0,1,0,1,1
Coraline,1,0,1,0,0,1
Kalila,1,1,1,0,0,1
Suzanne,1,0,1,0,0,1
Albina,1,1,1,1,0,1
Trev,0,0,0,0,0,0
Rene,0,0,0,0,0,1
Timmie,1,0,1,0,0,1
Cherey,0,0,1,0,1,1
Lyndell,0,0,1,0,1,1
Palmer,0,0,1,0,0,0
Hayward,0,0,1,0,1,0
Babs,0,0,0,0,0,1
Constantine,1,0,1,0,0,0
Madonna,1,1,1,0,0,1
Lazarus,0,0,1,0,0,0
Warren,0,0,1,0,0,0
Ettie,1,0,0,1,0,1
Jodee,1,0,0,0,0,1
Analise,1,0,1,1,0,1
Ehud,0,0,0,1,0,0
Aditya,1,1,1,1,1,0
Felipe,1,0,1,0,0,0
Isis,0,0,0,1,0,1
Farley,0,0,1,0,1,0
Slim,0,0,0,0,0,0
Mikel,0,0,0,0,0,0
Merilee,1,0,1,0,0,1
Conan,0,0,0,0,0,0
Sharia,1,1,1,0,0,1
Clarie,1,0,1,0,0,1
Olivier,0,0,1,1,0,0
Allin,0,0,0,1,0,0
Adolpho,0,0,1,1,0,0
Viva,1,1,0,0,0,1
Monica,1,1,1,0,0,1
Thorsten,0,0,1,0,0,0
Trent,0,0,0,0,0,0
Faustine,1,0,1,0,0,1
Norm,0,0,0,0,0,0
Misti,1,0,0,0,0,1
Diane-Marie,1,0,1,0,0,1
Aigneis,0,0,1,1,0,1
Kerry,0,0,0,0,1,0
Weidar,0,0,1,0,0,0
Corella,1,1,1,0,0,1
Lucita,1,1,1,0,0,1
Cory,0,0,0,0,1,1
Elnar,0,0,0,1,0,0
Hamlin,0,0,1,0,0,0
Junette,1,0,1,0,0,1
Cathy,0,0,0,0,1,1
Zed,0,0,0,0,0,0
Caren,0,0,0,0,0,1
Lucy,0,0,0,0,1,1
Marve,1,0,0,0,0,0
Traver,0,0,1,0,0,0
Morse,1,0,0,0,0,0
Jeremie,1,0,1,0,0,0
Megen,0,0,0,0,0,1
Cinderella,1,1,1,0,0,1
Kori,1,0,0,0,0,1
Bearnard,0,0,1,0,0,0
Jude,0,0,0,0,0,0
Mufi,1,0,0,0,0,1
Gunner,0,0,1,0,0,0
Zenia,1,1,0,0,0,1
Brenna,1,1,1,0,0,1
Parwane,1,0,1,0,0,1
Fawne,1,0,0,0,0,1
Abigail,0,0,1,1,0,1
Carmina,1,1,1,0,0,1
Hanford,0,0,1,0,0,0
Derrick,0,0,1,0,0,0
Vita,1,1,0,0,0,1
Jonell,0,0,1,0,0,1
Mallissa,1,1,1,0,0,1
Aurilia,1,1,1,1,0,1
Dinah,0,0,0,0,0,1
Lissa,1,1,0,0,0,1
Brunella,1,1,1,0,0,1
Marwin,0,0,1,0,0,0
Leoine,1,0,1,0,0,1
Thom,0,0,0,0,0,0
Ioana,1,1,0,1,0,1
Delphine,1,0,1,0,0,1
Vivienne,1,0,1,0,0,1
Yetta,1,1,0,1,1,1
Esmaria,1,1,1,1,0,1
Melonie,1,0,1,0,0,1
Abbie,1,0,0,1,0,1
Shea,1,1,0,0,0,0
Serena,1,1,1,0,0,1
Boyce,1,0,0,0,1,0
Renaud,0,0,1,0,0,0
Davie,1,0,0,0,0,0
Judy,0,0,0,0,1,0
Casie,1,0,0,0,0,1
Kellen,0,0,1,0,0,0
Auberta,1,1,1,1,0,1
Korie,1,0,0,0,0,1
Philis,0,0,1,0,0,1
Constantia,1,1,1,0,0,1
Kimberlee,1,0,1,0,0,1
Janean,0,0,1,0,0,1
Karoly,0,0,1,0,1,1
Vania,1,1,0,0,0,1
Raphaela,1,1,1,0,0,1
Valery,0,0,1,0,1,1
Meris,0,0,0,0,0,1
Fidelity,0,0,1,0,1,1
Mandie,1,0,1,0,0,1
Sybila,1,1,1,0,1,1
Hillary,0,0,1,0,1,0
Nicki,1,0,0,0,0,1
Irvine,1,0,1,1,0,0
Adelaide,1,0,1,1,0,1
Price,1,0,0,0,0,0
Poppy,0,0,0,0,1,1
Prescott,0,0,1,0,0,0
Nicky,0,0,0,0,1,0
Thorpe,1,0,1,0,0,0
Bancroft,0,0,1,0,0,0
Margit,0,0,1,0,0,1
Sibyl,0,0,0,0,1,0
Bonnie,1,0,1,0,0,1
Floyd,0,0,0,0,1,0
Lonnie,1,0,1,0,0,1
Martica,1,1,1,0,0,1
Ida,1,1,0,1,0,1
Daffie,1,0,1,0,0,1
Tanney,0,0,1,0,1,0
Magdalena,1,1,1,0,0,1
Gaspar,0,0,1,0,0,0
Heinz,0,0,0,0,0,0
Danila,1,1,1,0,0,1
Guinna,1,1,1,0,0,1
Cordula,1,1,1,0,0,1
Cloris,0,0,1,0,0,1
Hogan,0,0,0,0,0,0
Bekki,1,0,0,0,0,1
Marlo,0,0,0,0,0,1
Cornelle,1,0,1,0,0,1
Carmine,1,0,1,0,0,1
Rosemaria,1,1,1,0,0,1
Gregorio,0,0,1,0,0,0
Winston,0,0,1,0,0,0
Jenn,0,0,0,0,0,1
Karylin,0,0,1,0,1,1
Dominica,1,1,1,0,0,1
Jacquetta,1,1,1,0,0,1
Lari,1,0,0,0,0,1
Bel,0,0,0,0,0,1
Evaleen,0,0,1,1,0,1
Euphemia,1,1,1,1,0,1
Burke,1,0,0,0,0,0
Maxfield,0,0,1,0,0,0
Melva,1,1,0,0,0,1
Laraine,1,0,1,0,0,1
Fae,0,0,0,0,0,1
Gert,0,0,0,0,0,1
Valeria,1,1,1,0,0,1
Mireille,1,0,1,0,0,1
Zebadiah,0,0,1,0,0,0
Ladonna,1,1,1,0,0,1
Waylin,0,0,1,0,1,0
Trevor,0,0,1,0,0,0
Anitra,1,1,1,1,0,1
Brent,0,0,0,0,0,0
Waneta,1,1,1,0,0,1
Cathi,1,0,0,0,0,1
Mead,0,0,0,0,0,0
Fina,1,1,0,0,0,1
Moira,1,1,0,0,0,1
Ardella,1,1,1,1,0,1
Lilith,0,0,1,0,0,1
Hyacinthe,1,0,1,0,1,1
Stu,0,0,0,0,0,0
Cherida,1,1,1,0,0,1
Tobe,0,0,0,0,0,1
Langston,0,0,1,0,0,0
Netti,1,0,0,0,0,1
Gabriele,1,0,1,0,0,0
Bartlet,0,0,1,0,0,0
Maynard,0,0,1,0,1,0
Irene,1,0,0,1,0,1
Merril,0,0,1,0,0,0
Jeniece,1,0,1,0,0,1
Toddy,0,0,0,0,1,0
Angelina,1,1,1,1,0,1
Thia,1,1,0,0,0,1
Doll,0,0,0,0,0,1
Priscilla,1,1,1,0,0,1
Trace,1,0,0,0,0,0
Boniface,1,0,1,0,0,0
Yardley,0,0,1,1,1,0
Steffane,1,0,1,0,0,1
Bela,1,1,0,0,0,0
Gilburt,0,0,1,0,0,0
Roderick,0,0,1,0,0,0
Emera,1,1,0,1,0,1
Lester,0,0,1,0,0,0
Renard,0,0,1,0,0,0
Ailyn,0,0,0,1,1,1
Lelah,0,0,0,0,0,1
Grady,0,0,0,0,1,0
Naoma,1,1,0,0,0,1
Wendell,0,0,1,0,0,0
Elinore,1,0,1,1,0,1
Cybelle,1,0,1,0,1,1
Jean,0,0,0,0,0,1
Parnell,0,0,1,0,0,0
Dodi,1,0,0,0,0,1
Dorise,1,0,1,0,0,1
Wright,0,0,1,0,0,0
Tatum,0,0,0,0,0,1
Thaddius,0,0,1,0,0,0
Lula,1,1,0,0,0,1
Cris,0,0,0,0,0,1
Zonda,1,1,0,0,0,1
Mab,0,0,0,0,0,1
Ros,0,0,0,0,0,1
Reed,0,0,0,0,0,0
Justis,0,0,1,0,0,0
Eileen,0,0,1,1,0,1
Christal,0,0,1,0,0,1
Ozzy,0,0,0,1,1,0
Teddy,0,0,0,0,1,0
Christian,0,0,1,0,0,1
June,0,0,0,0,0,1
Welbie,1,0,1,0,0,0
Laurens,0,0,1,0,0,0
Bradford,0,0,1,0,0,0
Federico,0,0,1,0,0,0
Sussi,1,0,0,0,0,1
Fonzie,1,0,1,0,0,0
Mario,0,0,0,0,0,0
Cherri,1,0,1,0,0,1
Magdaia,1,1,1,0,0,1
Ximenes,0,0,1,0,0,0
Junia,1,1,0,0,0,1
Dion,0,0,0,0,0,0
Prue,0,0,0,0,0,1
Henrietta,1,1,1,0,0,1
Cherish,0,0,1,0,0,1
Nettle,1,0,1,0,0,1
Sancho,0,0,1,0,0,0
Katha,1,1,0,0,0,1
Griswold,0,0,1,0,0,0
Elinor,0,0,1,1,0,1
Dionysus,0,0,1,0,1,0
Cathe,1,0,0,0,0,1
Berna,1,1,0,0,0,1
Izzi,1,0,0,1,0,1
Eudora,1,1,1,1,0,1
Fedora,1,1,1,0,0,1
Adorne,1,0,1,1,0,1
Rafe,0,0,0,0,0,0
Merilyn,0,0,1,0,1,1
Nancie,1,0,1,0,0,1
Frederico,0,0,1,0,0,0
Andy,0,0,0,1,1,1
Malinda,1,1,1,0,0,1
Meta,1,1,0,0,0,1
Aleksandrs,0,0,1,1,0,0
Elbertine,1,0,1,1,0,1
Garry,0,0,0,0,1,0
Genevieve,1,0,1,0,0,1
Nissy,0,0,0,0,1,1
Henrique,1,0,1,0,0,0
Kayley,0,0,1,0,1,1
Denise,1,0,1,0,0,1
Richmond,0,0,1,0,0,0
Rosy,0,0,0,0,1,1
Roddy,0,0,0,0,1,0
Diann,0,0,0,0,0,1
Sophia,1,1,1,0,0,1
Wendy,0,0,0,0,1,1
Amalee,1,0,1,1,0,1
Chiarra,1,1,1,0,0,1
Arlene,1,0,1,1,0,1
Joannes,0,0,1,0,0,1
Sander,0,0,1,0,0,0
Virginia,1,1,1,0,0,1
Nataline,1,0,1,0,0,1
Cliff,0,0,0,0,0,0
Carolynn,0,0,1,0,1,1
Noam,0,0,0,0,0,0
Sileas,0,0,1,0,0,1
Brady,0,0,0,0,1,0
Xenia,1,1,0,0,0,1
Raymund,0,0,1,0,1,0
Lee,0,0,0,0,0,0
Kore,0,0,0,0,0,1
Patty,0,0,0,0,1,0
Lacie,1,0,0,0,0,1
Dacie,1,0,0,0,0,1
Chriss,0,0,1,0,0,1
Cam,0,0,0,0,0,1
Web,0,0,0,0,0,0
Jessa,1,1,0,0,0,1
Marco,0,0,0,0,0,0
Perry,0,0,0,0,1,1
Ambur,0,0,0,1,0,1
Kristan,0,0,1,0,0,1
Darsie,1,0,1,0,0,1
Matthias,0,0,1,0,0,0
Lamont,0,0,1,0,0,0
Madelyn,0,0,1,0,1,1
Lolande,1,0,1,0,0,1
Murielle,1,0,1,0,0,1
Violante,1,0,1,0,0,1
Ari,1,0,0,1,0,0
Rory,0,0,0,0,1,1
Marcellus,0,0,1,0,0,0
Heda,1,1,0,0,0,1
Augustine,1,0,1,1,0,0
Ainslie,1,0,1,1,0,1
Gardner,0,0,1,0,0,0
Merna,1,1,0,0,0,1
Keelia,1,1,1,0,0,1
Roderic,0,0,1,0,0,0
Wallache,1,0,1,0,0,0
Ruddy,0,0,0,0,1,0
Lavinia,1,1,1,0,0,1
Lazaro,0,0,1,0,0,0
Titos,0,0,0,0,0,0
Calla,1,1,0,0,0,1
Wait,0,0,0,0,0,0
Abdullah,0,0,1,1,0,0
Annette,1,0,1,1,0,1
Sibley,0,0,1,0,1,1
Mattie,1,0,1,0,0,1
Robinet,0,0,1,0,0,1
Sharra,1,1,1,0,0,1
Adolphe,1,0,1,1,0,0
Pauline,1,0,1,0,0,1
Nance,1,0,0,0,0,1
Juan,0,0,0,0,0,0
Loretta,1,1,1,0,0,1
Udell,0,0,0,1,0,0
Debbra,1,1,1,0,0,1
Gwenore,1,0,1,0,0,1
Giselle,1,0,1,0,0,1
Bucky,0,0,0,0,1,0
Cristine,1,0,1,0,0,1
Trix,0,0,0,0,0,1
Mariya,1,1,1,0,1,1
Urbano,0,0,1,1,0,0
Derrin,0,0,1,0,0,0
Mirabella,1,1,1,0,0,1
Fabrianne,1,0,1,0,0,1
Nisa,1,1,0,0,0,1
Quincy,0,0,1,0,1,0
Manish,0,0,1,0,0,0
Eba,1,1,0,1,0,1
Thorndike,1,0,1,0,0,0
Erica,1,1,0,1,0,1
Giffie,1,0,1,0,0,0
Libbey,0,0,1,0,1,1
Magdalene,1,0,1,0,0,1
Theada,1,1,1,0,0,1
Loree,1,0,0,0,0,1
Kath,0,0,0,0,0,1
Glad,0,0,0,0,0,1
Rachele,1,0,1,0,0,1
Jenda,1,1,0,0,0,1
Bing,0,0,0,0,0,0
Teryl,0,0,0,0,1,1
Dulcy,0,0,0,0,1,1
Tabby,0,0,0,0,1,0
Anatollo,0,0,1,1,0,0
Ermengarde,1,0,1,1,0,1
Virgie,1,0,1,0,0,1
Vinny,0,0,0,0,1,1
Corri,1,0,0,0,0,1
Deryl,0,0,0,0,1,0
Kerri,1,0,0,0,0,1
Laird,0,0,0,0,0,0
Katti,1,0,0,0,0,1
Tarah,0,0,0,0,0,1
Sheppard,0,0,1,0,0,0
Wells,0,0,0,0,0,0
Adger,0,0,0,1,0,0
Joletta,1,1,1,0,0,1
Wilow,0,0,0,0,0,1
Jonah,0,0,0,0,0,0
Nevsa,1,1,0,0,0,1
Emilia,1,1,1,1,0,1
Rayna,1,1,0,0,1,1
Webb,0,0,0,0,0,0
Gweneth,0,0,1,0,0,1
Leonelle,1,0,1,0,0,1
Tersina,1,1,1,0,0,1
Penn,0,0,0,0,0,0
Francois,0,0,1,0,0,0
Mayda,1,1,0,0,1,1
Hussein,0,0,1,0,0,0
Miguela,1,1,1,0,0,1
Doe,0,0,0,0,0,1
Bernardine,1,0,1,0,0,1
Abner,0,0,0,1,0,0
Rana,1,1,0,0,0,1
Orion,0,0,0,1,0,0
Jobyna,1,1,1,0,1,1
Idalia,1,1,1,1,0,1
Quigman,0,0,1,0,0,0
Donna,1,1,0,0,0,1
Vale,0,0,0,0,0,1
Donnajean,0,0,1,0,0,1
Sabina,1,1,1,0,0,1
Gladys,0,0,1,0,1,1
Caitrin,0,0,1,0,0,1
Lynnet,0,0,1,0,1,1
Harris,0,0,1,0,0,0
Linoel,0,0,1,0,0,0
Aleece,1,0,1,1,0,1
Saunder,0,0,1,0,0,0
Glynn,0,0,0,0,1,0
Nikos,0,0,0,0,0,0
Finley,0,0,1,0,1,0
Lauri,1,0,0,0,0,1
Caressa,1,1,1,0,0,1
Chan,0,0,0,0,0,0
Cathyleen,0,0,1,0,1,1
Ricky,0,0,0,0,1,0
Gifford,0,0,1,0,0,0
Susan,0,0,0,0,0,1
Wilbur,0,0,1,0,0,0
Nana,1,1,0,0,0,1
Frank,0,0,0,0,0,0
Elisabeth,0,0,1,1,0,1
Cammie,1,0,1,0,0,1
Stillmann,0,0,1,0,0,0
Xerxes,0,0,1,0,0,0
Ikey,0,0,0,1,1,1
Lenna,1,1,0,0,0,1
Mozelle,1,0,1,0,0,1
Silvanus,0,0,1,0,0,0
Tre,0,0,0,0,0,0
Carla,1,1,0,0,0,1
Celestyn,0,0,1,0,1,1
Demetris,0,0,1,0,0,0
King,0,0,0,0,0,0
Maddie,1,0,1,0,0,1
Tarra,1,1,0,0,0,1
Xavier,0,0,1,0,0,0
Bruce,1,0,0,0,0,0
Hyacinthia,1,1,1,0,1,1
Brook,0,0,0,0,0,1
Dyson,0,0,0,0,1,0
Grata,1,1,0,0,0,1
Jess,0,0,0,0,0,1
Calypso,0,0,1,0,1,1
Kingsley,0,0,1,0,1,0
Eleonore,1,0,1,1,0,1
Hamnet,0,0,1,0,0,0
Lorain,0,0,1,0,0,1
Stoddard,0,0,1,0,0,1
Leah,0,0,0,0,0,1
Gabriela,1,1,1,0,0,1
Quintina,1,1,1,0,0,1
Ferdie,1,0,1,0,0,0
Thorstein,0,0,1,0,0,0
Anett,0,0,0,1,0,1
Katharyn,0,0,1,0,1,1
Valentia,1,1,1,0,0,1
Kirstyn,0,0,1,0,1,1
Patric,0,0,1,0,0,0
Genia,1,1,0,0,0,1
Minerva,1,1,1,0,0,1
Caron,0,0,0,0,0,1
Monty,0,0,0,0,1,0
Kristine,1,0,1,0,0,1
Rey,0,0,0,0,1,1
Brianna,1,1,1,0,0,1
Franky,0,0,1,0,1,0
Lulita,1,1,1,0,0,1
Keely,0,0,0,0,1,1
Thorn,0,0,0,0,0,0
Madalena,1,1,1,0,0,1
Teressa,1,1,1,0,0,1
Ginevra,1,1,1,0,0,1
Xylina,1,1,1,0,1,1
Devinne,1,0,1,0,0,1
Aylmer,0,0,1,1,1,0
Breanne,1,0,1,0,0,1
Ev,0,0,0,1,0,0
Barr,0,0,0,0,0,0
Horst,0,0,0,0,0,0
Sauncho,0,0,1,0,0,0
Maison,0,0,1,0,0,0
Nat,0,0,0,0,0,0
Ann-Mari,1,0,1,1,0,1
Taryn,0,0,0,0,1,1
Damon,0,0,0,0,0,0
Jacquelin,0,0,1,0,0,1
Bobbie,1,0,1,0,0,1
Ashleigh,0,0,1,1,0,1
Ilysa,1,1,0,1,1,1
Pamela,1,1,1,0,0,1
Teri,1,0,0,0,0,1
Fannie,1,0,1,0,0,1
Garnet,0,0,1,0,0,1
Ardra,1,1,0,1,0,1
Zelma,1,1,0,0,0,1
Adolph,0,0,1,1,0,0
Teodora,1,1,1,0,0,1
Marko,0,0,0,0,0,0
Micki,1,0,0,0,0,1
Meredeth,0,0,1,0,0,0
Brunhilde,1,0,1,0,0,1
Dorelia,1,1,1,0,0,1
Ailina,1,1,1,1,0,1
Keil,0,0,0,0,0,0
Pammie,1,0,1,0,0,1
Stesha,1,1,1,0,0,1
Joshuah,0,0,1,0,0,0
Lorrie,1,0,1,0,0,1
Maridel,0,0,1,0,0,1
Bryon,0,0,0,0,1,0
Zachery,0,0,1,0,1,0
Winn,0,0,0,0,0,0
Chas,0,0,0,0,0,0
Fredelia,1,1,1,0,0,1
Glenine,1,0,1,0,0,1
Teddi,1,0,0,0,0,1
Nicole,1,0,1,0,0,1
Bradley,0,0,1,0,1,0
Lizbeth,0,0,1,0,0,1
Miles,0,0,0,0,0,0
Malva,1,1,0,0,0,1
Hortense,1,0,1,0,0,1
Lauryn,0,0,1,0,1,1
Rolfe,1,0,0,0,0,0
Englebart,0,0,1,1,0,0
Emil,0,0,0,1,0,0
Vernice,1,0,1,0,0,1
Darcie,1,0,1,0,0,1
Albrecht,0,0,1,1,0,0
Carole,1,0,1,0,0,1
Standford,0,0,1,0,0,0
Eadie,1,0,0,1,0,1
Corrie,1,0,1,0,0,0
Lance,1,0,0,0,0,0
Alla,1,1,0,1,0,1
Janna,1,1,0,0,0,1
Shaylyn,0,0,1,0,1,1
Forest,0,0,1,0,0,0
Selle,1,0,0,0,0,1
Alisun,0,0,1,1,0,1
Albertine,1,0,1,1,0,1
Marlie,1,0,1,0,0,1
Elroy,0,0,0,1,1,0
Shannon,0,0,1,0,0,1
Agatha,1,1,1,1,0,1
Noel,0,0,0,0,0,0
Pollyanna,1,1,1,0,1,1
Jordon,0,0,1,0,0,0
Belle,1,0,0,0,0,1
Barrie,1,0,1,0,0,0
Nerta,1,1,0,0,0,1
Robbin,0,0,1,0,0,1
Zak,0,0,0,0,0,0
Ailene,1,0,1,1,0,1
Daryn,0,0,0,0,1,1
Tanny,0,0,0,0,1,0
Gen,0,0,0,0,0,1
Allie,1,0,0,1,0,0
Marnie,1,0,1,0,0,1
Agace,1,0,0,1,0,1
Aubine,1,0,1,1,0,1
Bobbi,1,0,0,0,0,1
Annabela,1,1,1,1,0,1
Gamaliel,0,0,1,0,0,0
Becky,0,0,0,0,1,1
Dennie,1,0,1,0,0,0
Elane,1,0,0,1,0,1
Pris,0,0,0,0,0,1
Jud,0,0,0,0,0,0
Cyb,0,0,0,0,1,1
Donica,1,1,1,0,0,1
Laura,1,1,0,0,0,1
Doloritas,0,0,1,0,0,1
Nina,1,1,0,0,0,1
Quintilla,1,1,1,0,0,1
Noland,0,0,1,0,0,0
Harriette,1,0,1,0,0,1
Bronson,0,0,1,0,0,0
Starr,0,0,0,0,0,1
Renata,1,1,1,0,0,1
Goldina,1,1,1,0,0,1
Thelma,1,1,1,0,0,1
Lotte,1,0,0,0,0,1
Gates,0,0,0,0,0,1
Katusha,1,1,1,0,0,1
Emlynne,1,0,1,1,1,1
Phil,0,0,0,0,0,0
Johnny,0,0,1,0,1,0
Matelda,1,1,1,0,0,1
Teodoro,0,0,1,0,0,0
Broddie,1,0,1,0,0,0
Baily,0,0,0,0,1,0
Alis,0,0,0,1,0,1
Daniella,1,1,1,0,0,1
Florie,1,0,1,0,0,1
Tani,1,0,0,0,0,1
Arline,1,0,1,1,0,1
Marthe,1,0,1,0,0,1
Julissa,1,1,1,0,0,1
Lira,1,1,0,0,0,1
Esta,1,1,0,1,0,1
Kariotta,1,1,1,0,0,1
Kory,0,0,0,0,1,0
Carry,0,0,0,0,1,1
Norri,1,0,0,0,0,1
Rebekkah,0,0,1,0,0,1
Rosana,1,1,1,0,0,1
Lenette,1,0,1,0,0,1
Christian,0,0,1,0,0,0
Gershom,0,0,1,0,0,0
Lelia,1,1,0,0,0,1
Kingsly,0,0,1,0,1,0
Norry,0,0,0,0,1,1
Louise,1,0,1,0,0,1
Paten,0,0,0,0,0,0
Karlotte,1,0,1,0,0,1
Woodman,0,0,1,0,0,0
Dickie,1,0,1,0,0,0
Patrick,0,0,1,0,0,0
Ethelda,1,1,1,1,0,1
Gladis,0,0,1,0,0,1
Ollie,1,0,0,1,0,0
Elbert,0,0,1,1,0,0
Ellyn,0,0,0,1,1,1
Udall,0,0,0,1,0,0
Kristos,0,0,1,0,0,0
Joelynn,0,0,1,0,1,1
Kellie,1,0,1,0,0,1
Evonne,1,0,1,1,0,1
Pauly,0,0,0,0,1,1
Fernandina,1,1,1,0,0,1
Ephrem,0,0,1,1,0,0
Eliza,1,1,0,1,0,1
Rodrick,0,0,1,0,0,0
Antonina,1,1,1,1,0,1
Lorettalorna,1,1,1,0,0,1
Ibbie,1,0,0,1,0,1
Ludwig,0,0,1,0,0,0
Elnora,1,1,1,1,0,1
Shaylah,0,0,1,0,1,1
Carlie,1,0,1,0,0,1
Irwin,0,0,0,1,0,0
Filipe,1,0,1,0,0,0
Matthus,0,0,1,0,0,0
Guido,0,0,0,0,0,0
Estel,0,0,0,1,0,1
Hanson,0,0,1,0,0,0
Pate,0,0,0,0,0,0
Lyssa,1,1,0,0,1,1
Corie,1,0,0,0,0,1
Serene,1,0,1,0,0,1
Jeb,0,0,0,0,0,0
Augusto,0,0,1,1,0,0
Marrilee,1,0,1,0,0,1
Tandy,0,0,0,0,1,1
Xylia,1,1,0,0,1,1
Noella,1,1,1,0,0,1
Damita,1,1,1,0,0,1
Jobina,1,1,1,0,0,1
Freda,1,1,0,0,0,1
Ginny,0,0,0,0,1,1
Petr,0,0,0,0,0,0
Shelba,1,1,1,0,0,1
Elana,1,1,0,1,0,1
Lorelle,1,0,1,0,0,1
Joann,0,0,0,0,0,1
Monte,1,0,0,0,0,0
Izaak,0,0,0,1,0,0
Maryl,0,0,0,0,1,1
Karee,1,0,0,0,0,1
Sandye,1,0,1,0,1,1
Luanna,1,1,1,0,0,1
Krissie,1,0,1,0,0,1
Ashli,1,0,0,1,0,1
Raye,0,0,0,0,1,1
Northrup,0,0,1,0,0,0
Melloney,0,0,1,0,1,1
Talbot,0,0,1,0,0,0
Vicky,0,0,0,0,1,1
Griffith,0,0,1,0,0,0
Venkat,0,0,1,0,0,0
Irita,1,1,0,1,0,1
Jobi,1,0,0,0,0,1
Martelle,1,0,1,0,0,1
Florice,1,0,1,0,0,1
Renato,0,0,1,0,0,0
Graehme,1,0,1,0,0,0
Jodi,1,0,0,0,0,1
Gerry,0,0,0,0,1,1
Karita,1,1,1,0,0,1
Tonia,1,1,0,0,0,1
Karel,0,0,0,0,0,1
Tobye,1,0,0,0,1,1
Georgiana,1,1,1,0,0,1
Jeanelle,1,0,1,0,0,1
Sutton,0,0,1,0,0,0
Cybal,0,0,0,0,1,1
Barbra,1,1,1,0,0,1
Ignacio,0,0,1,1,0,0
Zacharia,1,1,1,0,0,0
Georgianna,1,1,1,0,0,1
Mireielle,1,0,1,0,0,1
Margery,0,0,1,0,1,1
Arlee,1,0,0,1,0,1
Glynda,1,1,1,0,1,1
Bengt,0,0,0,0,0,0
Myrilla,1,1,1,0,1,1
Annabal,0,0,1,1,0,1
Violetta,1,1,1,0,0,1
Cat,0,0,0,0,0,1
Betsey,0,0,1,0,1,1
Eugine,1,0,1,1,0,1
Ginni,1,0,0,0,0,1
Alida,1,1,0,1,0,1
Taite,1,0,0,0,0,0
Anita,1,1,0,1,0,1
Cheri,1,0,0,0,0,1
Elka,1,1,0,1,0,1
Isabel,0,0,1,1,0,1
Debra,1,1,0,0,0,1
Kristyn,0,0,1,0,1,1
Nikolia,1,1,1,0,0,1
Zita,1,1,0,0,0,1
Garland,0,0,1,0,0,1
Lorrin,0,0,1,0,0,1
Shannah,0,0,1,0,0,1
Melantha,1,1,1,0,0,1
Iago,0,0,0,1,0,0
Noell,0,0,0,0,0,1
Brewster,0,0,1,0,0,0
Amaleta,1,1,1,1,0,1
Adena,1,1,0,1,0,1
Fortuna,1,1,1,0,0,1
Codi,1,0,0,0,0,1
Selina,1,1,1,0,0,1
Bailey,0,0,1,0,1,0
Sheilah,0,0,1,0,0,1
Scarface,1,0,1,0,0,0
Christine,1,0,1,0,0,1
Kynthia,1,1,1,0,1,1
Coreen,0,0,1,0,0,1
Townie,1,0,1,0,0,0
Kirby,0,0,0,0,1,0
Loralee,1,0,1,0,0,1
Loria,1,1,0,0,0,1
Dominique,1,0,1,0,0,0
Kaleb,0,0,0,0,0,0
Lolly,0,0,0,0,1,1
Maxie,1,0,0,0,0,1
Cornelia,1,1,1,0,0,1
Ebba,1,1,0,1,0,1
Marita,1,1,1,0,0,1
Flinn,0,0,0,0,0,0
Angy,0,0,0,1,1,1
Oralee,1,0,1,1,0,1
Bev,0,0,0,0,0,1
Mikael,0,0,1,0,0,0
Shirah,0,0,1,0,0,1
Bernette,1,0,1,0,0,1
Carlo,0,0,0,0,0,0
Mela,1,1,0,0,0,1
Barnard,0,0,1,0,0,0
Bliss,0,0,0,0,0,1
Torie,1,0,0,0,0,1
Perry,0,0,0,0,1,0
Adelind,0,0,1,1,0,1
Halli,1,0,0,0,0,1
Malissia,1,1,1,0,0,1
Alysia,1,1,1,1,1,1
Josi,1,0,0,0,0,1
Nitin,0,0,0,0,0,1
Geo,0,0,0,0,0,0
Beatrisa,1,1,1,0,0,1
Tate,0,0,0,0,0,1
Jose,0,0,0,0,0,0
Jermaine,1,0,1,0,0,0
Herschel,0,0,1,0,0,0
Coralie,1,0,1,0,0,1
Winfield,0,0,1,0,0,0
Barbaraanne,1,0,1,0,0,1
Murial,0,0,1,0,0,1
Rora,1,1,0,0,0,1
Waring,0,0,1,0,0,0
Prissie,1,0,1,0,0,1
Shepherd,0,0,1,0,0,0
Etti,1,0,0,1,0,1
Chrissie,1,0,1,0,0,1
Rube,0,0,0,0,0,0
Ruthi,1,0,0,0,0,1
Geraldo,0,0,1,0,0,0
Sloane,1,0,1,0,0,0
Darice,1,0,1,0,0,1
Herby,0,0,0,0,1,0
Tiffany,0,0,1,0,1,1
Esma,1,1,0,1,0,1
Benjy,0,0,0,0,1,0
Sonni,1,0,0,0,0,1
Benni,1,0,0,0,0,1
Chelsie,1,0,1,0,0,1
Tatiania,1,1,1,0,0,1
Brett,0,0,0,0,0,1
Lyn,0,0,0,0,1,0
Sela,1,1,0,0,0,1
Adair,0,0,0,1,0,0
Archibold,0,0,1,1,0,0
Winny,0,0,0,0,1,0
Viviana,1,1,1,0,0,1
Gretal,0,0,1,0,0,1
Filippa,1,1,1,0,0,1
Isador,0,0,1,1,0,0
Onida,1,1,0,1,0,1
Lucio,0,0,0,0,0,0
Thedrick,0,0,1,0,0,0
Loella,1,1,1,0,0,1
Yolane,1,0,1,1,1,1
Thadeus,0,0,1,0,0,0
Dea,1,1,0,0,0,1
Paula,1,1,0,0,0,1
Coretta,1,1,1,0,0,1
Fleur,0,0,0,0,0,1
Floria,1,1,1,0,0,1
Lilllie,1,0,1,0,0,1
Joseph,0,0,1,0,0,0
Christean,0,0,1,0,0,1
Julee,1,0,0,0,0,1
Rhonda,1,1,1,0,0,1
Adrien,0,0,1,1,0,0
Berkley,0,0,1,0,1,0
Jorrie,1,0,1,0,0,1
Noreen,0,0,1,0,0,1
Christie,1,0,1,0,0,1
Benoite,1,0,1,0,0,1
Virgil,0,0,1,0,0,0
Lenee,1,0,0,0,0,1
Heloise,1,0,1,0,0,1
Alanna,1,1,1,1,0,1
Tiffie,1,0,1,0,0,1
Simon,0,0,0,0,0,0
Jodie,1,0,0,0,0,1
Myron,0,0,0,0,1,0
Lucius,0,0,1,0,0,0
Myrlene,1,0,1,0,1,1
Gerhardine,1,0,1,0,0,1
Levy,0,0,0,0,1,0
Tadd,0,0,0,0,0,0
Agathe,1,0,1,1,0,1
Sheldon,0,0,1,0,0,0
Karyl,0,0,0,0,1,1
Shurlock,0,0,1,0,0,0
Cybill,0,0,1,0,1,1
Eleanora,1,1,1,1,0,1
Carmita,1,1,1,0,0,1
Gordon,0,0,1,0,0,0
Camila,1,1,1,0,0,1
Baird,0,0,0,0,0,0
Reza,1,1,0,0,0,0
Skippy,0,0,1,0,1,0
Marie,1,0,0,0,0,1
Abbie,1,0,0,1,0,0
Dory,0,0,0,0,1,1
Sergio,0,0,1,0,0,0
Terry,0,0,0,0,1,1
Jerrine,1,0,1,0,0,1
Kiele,1,0,0,0,0,1
Nahum,0,0,0,0,0,0
Elfrieda,1,1,1,1,0,1
Harrietta,1,1,1,0,0,1
Nicola,1,1,1,0,0,1
Lawton,0,0,1,0,0,0
Kayla,1,1,0,0,1,1
Chere,1,0,0,0,0,1
Elwina,1,1,1,1,0,1
Waldo,0,0,0,0,0,0
Wallace,1,0,1,0,0,0
Bryce,1,0,0,0,1,0
Corilla,1,1,1,0,0,1
Ranee,1,0,0,0,0,1
Sandy,0,0,0,0,1,1
Stern,0,0,0,0,0,0
Neille,1,0,1,0,0,1
Janenna,1,1,1,0,0,1
Kerrill,0,0,1,0,0,1
Celinka,1,1,1,0,0,1
Erny,0,0,0,1,1,0
Terrye,1,0,1,0,1,1
Walden,0,0,1,0,0,0
Ailey,0,0,0,1,1,1
Annmaria,1,1,1,1,0,1
Garv,0,0,0,0,0,0
Elga,1,1,0,1,0,1
Marcello,0,0,1,0,0,0
Gay,0,0,0,0,1,0
Anneliese,1,0,1,1,0,1
Robbie,1,0,1,0,0,0
Matilda,1,1,1,0,0,1
Darrel,0,0,1,0,0,0
Annissa,1,1,1,1,0,1
Shawna,1,1,1,0,0,1
Julian,0,0,1,0,0,0
Gunter,0,0,1,0,0,0
Carena,1,1,1,0,0,1
Beitris,0,0,1,0,0,1
Janey,0,0,0,0,1,1
Corby,0,0,0,0,1,0
Jaquelin,0,0,1,0,0,1
Phillipe,1,0,1,0,0,0
Patricia,1,1,1,0,0,1
Pennie,1,0,1,0,0,0
Marijo,0,0,1,0,0,1
Delinda,1,1,1,0,0,1
Win,0,0,0,0,0,0
Adriane,1,0,1,1,0,1
Emerson,0,0,1,1,0,0
Ken,0,0,0,0,0,0
Oralie,1,0,1,1,0,1
Kay,0,0,0,0,1,1
Mace,0,0,0,0,0,0
Cassaundra,1,1,1,0,0,1
Giraud,0,0,1,0,0,0
Winnie,1,0,1,0,0,0
Ravil,0,0,0,0,0,0
Teddie,1,0,1,0,0,0
Augustine,1,0,1,1,0,1
Gladi,1,0,0,0,0,1
Lothar,0,0,1,0,0,0
Vallie,1,0,1,0,0,1
Ike,0,0,0,1,0,0
Charisse,1,0,1,0,0,1
Gerhard,0,0,1,0,0,0
Reid,0,0,0,0,0,0
Tana,1,1,0,0,0,1
Ilyse,1,0,0,1,1,1
Lemmie,1,0,1,0,0,0
Eryn,0,0,0,1,1,1
Reece,1,0,0,0,0,0
Paulina,1,1,1,0,0,1
Harmonia,1,1,1,0,0,1
Monah,0,0,0,0,0,1
Krystal,0,0,1,0,1,1
Bridgette,1,0,1,0,0,1
Zebulon,0,0,1,0,0,0
Ardenia,1,1,1,1,0,1
Jelene,1,0,1,0,0,1
Sandor,0,0,1,0,0,0
Thad,0,0,0,0,0,0
Jean-Marc,0,0,1,0,0,0
Lotta,1,1,0,0,0,1
Sibel,0,0,0,0,0,1
Garwood,0,0,1,0,0,0
Dimitri,1,0,1,0,0,0
Jaquith,0,0,1,0,0,1
Inger,0,0,0,1,0,1
Tamar,0,0,0,0,0,1
Laila,1,1,0,0,0,1
Pearl,0,0,0,0,0,1
Carson,0,0,1,0,0,0
Pru,0,0,0,0,0,1
Virgilio,0,0,1,0,0,0
Jeana,1,1,0,0,0,1
Jillayne,1,0,1,0,1,1
Frannie,1,0,1,0,0,1
Leo,0,0,0,0,0,0
Mohammed,0,0,1,0,0,0
Jacinthe,1,0,1,0,0,1
Gratia,1,1,1,0,0,1
Wojciech,0,0,1,0,0,0
Oscar,0,0,0,1,0,0
Jae,0,0,0,0,0,0
Hetty,0,0,0,0,1,1
Tomlin,0,0,1,0,0,0
Siouxie,1,0,1,0,0,1
Konstanze,1,0,1,0,0,1
Sharie,1,0,1,0,0,1
Nicoline,1,0,1,0,0,1
Dorisa,1,1,1,0,0,1
Justin,0,0,1,0,0,1
Ellwood,0,0,1,1,0,0
Saree,1,0,0,0,0,1
Paula-Grace,1,0,1,0,0,1
Odysseus,0,0,1,1,1,0
Thebault,0,0,1,0,0,0
Evangelina,1,1,1,1,0,1
Rozina,1,1,1,0,0,1
Crissy,0,0,1,0,1,1
Shlomo,0,0,1,0,0,0
Ophelia,1,1,1,1,0,1
Abdul,0,0,0,1,0,0
Jere,0,0,0,0,0,0
Marla,1,1,0,0,0,1
Ester,0,0,0,1,0,1
Marrissa,1,1,1,0,0,1
Dasie,1,0,0,0,0,1
Maudie,1,0,1,0,0,1
Sawyer,0,0,1,0,1,0
Modestine,1,0,1,0,0,1
Domenic,0,0,1,0,0,0
Eloisa,1,1,1,1,0,1
Hiralal,0,0,1,0,0,0
Tiffanie,1,0,1,0,0,1
Angil,0,0,0,1,0,1
Gizela,1,1,1,0,0,1
Daphna,1,1,1,0,0,1
Georg,0,0,0,0,0,0
Kaiser,0,0,1,0,0,0
Apostolos,0,0,1,1,0,0
Sandra,1,1,1,0,0,1
Doralin,0,0,1,0,0,1
Pegeen,0,0,1,0,0,1
Waverly,0,0,1,0,1,0
Morten,0,0,1,0,0,0
Shaine,1,0,1,0,0,0
Tonie,1,0,0,0,0,1
Torrie,1,0,1,0,0,1
West,0,0,0,0,0,0
Othilia,1,1,1,1,0,1
Vivyanne,1,0,1,0,1,1
Dudley,0,0,1,0,1,0
Archibald,0,0,1,1,0,0
Josepha,1,1,1,0,0,1
Tailor,0,0,1,0,0,0
Brian,0,0,0,0,0,0
Charla,1,1,1,0,0,1
Kaylyn,0,0,1,0,1,1
Linda,1,1,0,0,0,1
Alissa,1,1,1,1,0,1
Pacifica,1,1,1,0,0,1
Joanie,1,0,1,0,0,1
Tanya,1,1,0,0,1,1
Queenie,1,0,1,0,0,1
Shanon,0,0,1,0,0,1
Ronni,1,0,0,0,0,1
Roby,0,0,0,0,1,1
Ole,0,0,0,1,0,0
Hersch,0,0,1,0,0,0
JoAnne,1,0,1,0,0,1
Alasdair,0,0,1,1,0,0
Maggee,1,0,1,0,0,1
Shimon,0,0,1,0,0,0
Karalynn,0,0,1,0,1,1
Addie,1,0,0,1,0,0
Jedediah,0,0,1,0,0,0
Martin,0,0,1,0,0,0
Rosina,1,1,1,0,0,1
Mohamad,0,0,1,0,0,0
Maxwell,0,0,1,0,0,0
Kurt,0,0,0,0,0,0
Rubina,1,1,1,0,0,1
Orly,0,0,0,1,1,1
Serge,1,0,0,0,0,0
Cortney,0,0,1,0,1,1
Antonella,1,1,1,1,0,1
Istvan,0,0,1,1,0,0
Mart,0,0,0,0,0,0
Renelle,1,0,1,0,0,1
Margarethe,1,0,1,0,0,1
Rona,1,1,0,0,0,1
Tannie,1,0,1,0,0,0
Enya,1,1,0,1,1,1
Damaris,0,0,1,0,0,1
Lida,1,1,0,0,0,1
Sybille,1,0,1,0,1,1
Cris,0,0,0,0,0,0
Lizette,1,0,1,0,0,1
Maia,1,1,0,0,0,1
Wynton,0,0,1,0,1,0
Colline,1,0,1,0,0,1
Christyna,1,1,1,0,1,1
Abbot,0,0,0,1,0,0
Klee,0,0,0,0,0,0
Ignazio,0,0,1,1,0,0
Stacy,0,0,0,0,1,1
Nannette,1,0,1,0,0,1
Rissa,1,1,0,0,0,1
Lyndsie,1,0,1,0,1,1
Shumeet,0,0,1,0,0,0
Maurie,1,0,1,0,0,0
Staford,0,0,1,0,0,0
Leslie,1,0,1,0,0,1
Emelina,1,1,1,1,0,1
Tammy,0,0,0,0,1,1
Theresa,1,1,1,0,0,1
Aurelea,1,1,1,1,0,1
Marga,1,1,0,0,0,1
Arlie,1,0,0,1,0,1
Jeremiah,0,0,1,0,0,0
Margot,0,0,1,0,0,1
Jean-Pierre,1,0,1,0,0,0
Wain,0,0,0,0,0,0
Cori,1,0,0,0,0,1
Merrie,1,0,1,0,0,1
Celisse,1,0,1,0,0,1
John-David,0,0,1,0,0,0
Sheelah,0,0,1,0,0,1
Reinhard,0,0,1,0,0,0
Shawn,0,0,0,0,0,0
Wallis,0,0,1,0,0,1
Raquela,1,1,1,0,0,1
Jacqui,1,0,1,0,0,1
Paddie,1,0,1,0,0,0
Aubree,1,0,1,1,0,1
Johannes,0,0,1,0,0,0
Ulrike,1,0,1,1,0,1
Gomer,0,0,0,0,0,0
Parke,1,0,0,0,0,0
Swen,0,0,0,0,0,0
Sparky,0,0,1,0,1,0
Maggie,1,0,1,0,0,1
Cari,1,0,0,0,0,1
Amalita,1,1,1,1,0,1
Georgie,1,0,1,0,0,0
Josselyn,0,0,1,0,1,1
Reina,1,1,0,0,0,1
Octavia,1,1,1,1,0,1
Rosemary,0,0,1,0,1,1
Reggie,1,0,1,0,0,1
Demetra,1,1,1,0,0,1
Terrel,0,0,1,0,0,0
Julina,1,1,1,0,0,1
Tony,0,0,0,0,1,1
Kathlene,1,0,1,0,0,1
Dena,1,1,0,0,0,1
Moise,1,0,0,0,0,0
Matti,1,0,0,0,0,1
Ahmad,0,0,0,1,0,0
Luna,1,1,0,0,0,1
Jeannine,1,0,1,0,0,1
Hugo,0,0,0,0,0,0
Carolin,0,0,1,0,0,1
Cynthea,1,1,1,0,1,1
Tuckie,1,0,1,0,0,0
Nancy,0,0,0,0,1,1
Hulda,1,1,0,0,0,1
Clarette,1,0,1,0,0,1
Novelia,1,1,1,0,0,1
Gisele,1,0,1,0,0,1
Karena,1,1,1,0,0,1
Celestia,1,1,1,0,0,1
Salman,0,0,1,0,0,0
Rosene,1,0,1,0,0,1
Ignacius,0,0,1,1,0,0
Sloan,0,0,0,0,0,0
Harman,0,0,1,0,0,0
Kristi,1,0,1,0,0,1
Kari,1,0,0,0,0,1
Harcourt,0,0,1,0,0,0
Moore,1,0,0,0,0,0
Stig,0,0,0,0,0,0
Wade,0,0,0,0,0,0
Esther,0,0,1,1,0,1
Nonah,0,0,0,0,0,1
Nealy,0,0,0,0,1,0
Maryanne,1,0,1,0,1,1
Mirna,1,1,0,0,0,1
Juanita,1,1,1,0,0,0
Belita,1,1,1,0,0,1
Blinny,0,0,1,0,1,1
Joel,0,0,0,0,0,0
Jillana,1,1,1,0,0,1
Rufe,0,0,0,0,0,0
Zerk,0,0,0,0,0,0
Pet,0,0,0,0,0,1
Jory,0,0,0,0,1,0
Barton,0,0,1,0,0,0
Jeanine,1,0,1,0,0,1
Sivert,0,0,1,0,0,0
Anselm,0,0,1,1,0,0
Regan,0,0,0,0,0,1
Angele,1,0,1,1,0,1
Diego,0,0,0,0,0,0
Town,0,0,0,0,0,0
Denny,0,0,0,0,1,0
Tierney,0,0,1,0,1,1
Fancie,1,0,1,0,0,1
Braden,0,0,1,0,0,0
Hilda,1,1,0,0,0,1
Tomi,1,0,0,0,0,1
Bartlett,0,0,1,0,0,0
Wilhelm,0,0,1,0,0,0
Micheal,0,0,1,0,0,0
Andree,1,0,1,1,0,1
Ardeen,0,0,1,1,0,1
Tasha,1,1,0,0,0,1
Kim,0,0,0,0,0,1
Yetty,0,0,0,1,1,1
Anders,0,0,1,1,0,0
Doreen,0,0,1,0,0,1
Ellsworth,0,0,1,1,0,0
Sayres,0,0,1,0,1,0
Quillan,0,0,1,0,0,0
Dona,1,1,0,0,0,1
Wadsworth,0,0,1,0,0,0
Riane,1,0,0,0,0,1
Kendal,0,0,1,0,0,0
Sharla,1,1,1,0,0,1
Adrian,0,0,1,1,0,0
Forester,0,0,1,0,0,0
Melvin,0,0,1,0,0,0
Clem,0,0,0,0,0,1
John-Patrick,0,0,1,0,0,0
Loren,0,0,0,0,0,0
Ave,0,0,0,1,0,0
Emma,1,1,0,1,0,1
Gussy,0,0,0,0,1,1
Cortese,1,0,1,0,0,0
Janel,0,0,0,0,0,1
Rubetta,1,1,1,0,0,1
Kristy,0,0,1,0,1,1
Freddi,1,0,1,0,0,1
Karoline,1,0,1,0,0,1
Devan,0,0,0,0,0,1
Thaxter,0,0,1,0,0,0
Mattias,0,0,1,0,0,0
Oswald,0,0,1,1,0,0
Rozanne,1,0,1,0,0,1
Claudelle,1,0,1,0,0,1
Barbara,1,1,1,0,0,1
Eddie,1,0,0,1,0,0
Michaelina,1,1,1,0,0,1
Concettina,1,1,1,0,0,1
Editha,1,1,1,1,0,1
Vanna,1,1,0,0,0,1
Barris,0,0,1,0,0,0
Hartwell,0,0,1,0,0,0
Ulysses,0,0,1,1,1,0
Krissy,0,0,1,0,1,1
Roxy,0,0,0,0,1,1
Rayner,0,0,1,0,1,0
Yard,0,0,0,1,1,0
Fonsie,1,0,1,0,0,0
Batholomew,0,0,1,0,0,0
Kally,0,0,0,0,1,1
Clemence,1,0,1,0,0,1
Blondy,0,0,1,0,1,1
Tiphani,1,0,1,0,0,1
Marje,1,0,0,0,0,1
Johny,0,0,0,0,1,0
Sarene,1,0,1,0,0,1
Morty,0,0,0,0,1,0
Hy,0,0,0,0,1,0
Salmon,0,0,1,0,0,0
Hebert,0,0,1,0,0,0
Camella,1,1,1,0,0,1
Abel,0,0,0,1,0,0
Conny,0,0,0,0,1,1
Sky,0,0,0,0,1,0
Quintin,0,0,1,0,0,0
Lindsy,0,0,1,0,1,1
Tiff,0,0,0,0,0,1
Suellen,0,0,1,0,0,1
Natale,1,0,1,0,0,0
Griffin,0,0,1,0,0,0
Fraser,0,0,1,0,0,0
Sholom,0,0,1,0,0,0
Cristie,1,0,1,0,0,1
Ermentrude,1,0,1,1,0,1
Lowell,0,0,1,0,0,0
Pietro,0,0,1,0,0,0
Romona,1,1,1,0,0,1
Leonore,1,0,1,0,0,1
Doroteya,1,1,1,0,1,1
Barde,1,0,0,0,0,0
Delia,1,1,0,0,0,1
Syd,0,0,0,0,1,0
Jehanna,1,1,1,0,0,1
Teodor,0,0,1,0,0,0
Stafani,1,0,1,0,0,1
Bert,0,0,0,0,0,1
Kylynn,0,0,1,0,1,1
Karil,0,0,0,0,0,1
Candi,1,0,0,0,0,1
Mufinella,1,1,1,0,0,1
Dorice,1,0,1,0,0,1
Natalia,1,1,1,0,0,1
Morlee,1,0,1,0,0,0
Isaak,0,0,0,1,0,0
Clarey,0,0,1,0,1,1
Erika,1,1,0,1,0,1
Rachelle,1,0,1,0,0,1
Jania,1,1,0,0,0,1
Abe,0,0,0,1,0,0
Faythe,1,0,1,0,1,1
Myranda,1,1,1,0,1,1
Helaine,1,0,1,0,0,1
Helyn,0,0,0,0,1,1
Christi,1,0,1,0,0,1
Hamel,0,0,0,0,0,0
Lynn,0,0,0,0,1,1
Rozalin,0,0,1,0,0,1
Rena,1,1,0,0,0,1
Elfrida,1,1,1,1,0,1
Amy,0,0,0,1,1,1
Locke,1,0,0,0,0,0
Siegfried,0,0,1,0,0,0
Jacinta,1,1,1,0,0,1
Blare,1,0,0,0,0,0
Kacey,0,0,0,0,1,1
Manon,0,0,0,0,0,1
Lilla,1,1,0,0,0,1
Selma,1,1,0,0,0,1
Donny,0,0,0,0,1,0
Tim,0,0,0,0,0,1
Brea,1,1,0,0,0,1
Todd,0,0,0,0,0,0
Lissi,1,0,0,0,0,1
Lisabeth,0,0,1,0,0,1
Nanette,1,0,1,0,0,1
Deane,1,0,0,0,0,1
Ferinand,0,0,1,0,0,0
Anja,1,1,0,1,0,1
Wesley,0,0,1,0,1,0
Lucky,0,0,0,0,1,1
Leshia,1,1,1,0,0,1
Lilas,0,0,0,0,0,1
Bennet,0,0,1,0,0,0
Gerladina,1,1,1,0,0,1
Bethina,1,1,1,0,0,1
Walter,0,0,1,0,0,0
Annaliese,1,0,1,1,0,1
Lucian,0,0,1,0,0,0
Zarla,1,1,0,0,0,1
Daile,1,0,0,0,0,1
Herbie,1,0,1,0,0,0
Walther,0,0,1,0,0,0
Rosario,0,0,1,0,0,1
Letitia,1,1,1,0,0,1
Mariele,1,0,1,0,0,1
Barclay,0,0,1,0,1,0
Clifton,0,0,1,0,0,0
Micah,0,0,0,0,0,0
Batsheva,1,1,1,0,0,1
Hunt,0,0,0,0,0,0
Remus,0,0,0,0,0,0
Mildred,0,0,1,0,0,1
Derk,0,0,0,0,0,0
Lauralee,1,0,1,0,0,1
Gavriel,0,0,1,0,0,0
Myrtia,1,1,1,0,1,1
Laryssa,1,1,1,0,1,1
Morissa,1,1,1,0,0,1
Dode,0,0,0,0,0,1
Melita,1,1,1,0,0,1
Winnifred,0,0,1,0,0,1
Ric,0,0,0,0,0,0
Jorey,0,0,0,0,1,1
Jessalin,0,0,1,0,0,1
Casey,0,0,0,0,1,0
Kathryne,1,0,1,0,1,1
Brigitte,1,0,1,0,0,1
Dwane,1,0,0,0,0,0
Karlene,1,0,1,0,0,1
Jennine,1,0,1,0,0,1
Simone,1,0,1,0,0,1
Eddi,1,0,0,1,0,1
Winnie,1,0,1,0,0,1
Hermann,0,0,1,0,0,0
Kalle,1,0,0,0,0,0
Melesa,1,1,1,0,0,1
Brunhilda,1,1,1,0,0,1
Honey,0,0,0,0,1,1
Rubie,1,0,0,0,0,1
Robbert,0,0,1,0,0,0
Reeba,1,1,0,0,0,1
Rea,1,1,0,0,0,1
Elie,0,0,0,1,0,1
Kipp,0,0,0,0,0,1
Lynelle,1,0,1,0,1,1
Fowler,0,0,1,0,0,0
Marcy,0,0,0,0,1,1
Mindy,0,0,0,0,1,1
Lin,0,0,0,0,0,1
Claudette,1,0,1,0,0,1
Shepperd,0,0,1,0,0,0
Lambert,0,0,1,0,0,0
Bubba,1,1,0,0,0,0
Dillon,0,0,1,0,0,0
LeeAnn,0,0,1,0,0,1
Janina,1,1,1,0,0,1
Normie,1,0,1,0,0,0
Bernard,0,0,1,0,0,0
Annemarie,1,0,1,1,0,1
Hailee,1,0,1,0,0,1
Oreste,1,0,1,1,0,1
Sibeal,0,0,1,0,0,1
Mara,1,1,0,0,0,1
Roni,1,0,0,0,0,0
Jude,0,0,0,0,0,1
Kaitlynn,0,0,1,0,1,1
Ardene,1,0,1,1,0,1
Shaun,0,0,0,0,0,0
Ariela,1,1,1,1,0,1
Ernaline,1,0,1,1,0,1
Keene,1,0,0,0,0,0
Anni,1,0,0,1,0,1
Netty,0,0,0,0,1,1
Bernadine,1,0,1,0,0,1
Coriss,0,0,1,0,0,1
Edna,1,1,0,1,0,1
Art,0,0,0,1,0,0
Pauletta,1,1,1,0,0,1
Olle,0,0,0,1,0,0
Thacher,0,0,1,0,0,0
Quentin,0,0,1,0,0,0
Knox,0,0,0,0,0,0
Sinead,0,0,1,0,0,1
Job,0,0,0,0,0,0
Sascha,1,1,1,0,0,0
Rik,0,0,0,0,0,0
Leland,0,0,1,0,0,0
Trudy,0,0,0,0,1,1
Catina,1,1,1,0,0,1
Jessie,1,0,1,0,0,0
Buster,0,0,1,0,0,0
Giorgia,1,1,1,0,0,1
Kristal,0,0,1,0,0,1
Betta,1,1,0,0,0,1
Leeann,0,0,1,0,0,1
Alisa,1,1,0,1,0,1
Haleigh,0,0,1,0,0,1
Lizzie,1,0,1,0,0,1
Lynette,1,0,1,0,1,1
Windham,0,0,1,0,0,0
Aridatha,1,1,1,1,0,1
Olwen,0,0,0,1,0,1
Tharen,0,0,1,0,0,0
Philip,0,0,1,0,0,0
Sukey,0,0,0,0,1,1
Elwin,0,0,0,1,0,0
Fonz,0,0,0,0,0,0
Sidoney,0,0,1,0,1,1
Hewet,0,0,0,0,0,0
Bette,1,0,0,0,0,1
Leoline,1,0,1,0,0,1
Sammy,0,0,0,0,1,1
Normand,0,0,1,0,0,0
Clarance,1,0,1,0,0,0
Chaunce,1,0,1,0,0,0
Elisabet,0,0,1,1,0,1
Marylin,0,0,1,0,1,1
Theresina,1,1,1,0,0,1
Ginger,0,0,1,0,0,1
Lauree,1,0,1,0,0,1
Agamemnon,0,0,1,1,0,0
Ada,1,1,0,1,0,1
Gary,0,0,0,0,1,0
Jena,1,1,0,0,0,1
Dalia,1,1,0,0,0,1
Gisella,1,1,1,0,0,1
Tiphanie,1,0,1,0,0,1
Roshelle,1,0,1,0,0,1
Arther,0,0,1,1,0,0
Alisha,1,1,1,1,0,1
Shayne,1,0,1,0,1,1
Orbadiah,0,0,1,1,0,0
Renel,0,0,0,0,0,1
Giff,0,0,0,0,0,0
Bernadette,1,0,1,0,0,1
Nesta,1,1,0,0,0,1
Amadeus,0,0,1,1,0,0
Josh,0,0,0,0,0,0
Godfry,0,0,1,0,1,0
Gianna,1,1,1,0,0,1
Atalanta,1,1,1,1,0,1
Clarabelle,1,0,1,0,0,1
Jocelin,0,0,1,0,0,1
Gertruda,1,1,1,0,0,1
Merrel,0,0,1,0,0,0
Charmian,0,0,1,0,0,1
Mei,1,0,0,0,0,1
Seana,1,1,0,0,0,1
Louie,1,0,0,0,0,0
Sophronia,1,1,1,0,0,1
Darelle,1,0,1,0,0,1
Felipa,1,1,1,0,0,1
Vince,1,0,0,0,0,0
Allys,0,0,0,1,1,1
Brier,0,0,0,0,0,1
Adrianna,1,1,1,1,0,1
Aharon,0,0,1,1,0,0
Nalani,1,0,1,0,0,1
Eduard,0,0,1,1,0,0
Cristi,1,0,1,0,0,1
Oralla,1,1,1,1,0,1
Rudolf,0,0,1,0,0,0
Sayers,0,0,1,0,1,0
Courtney,0,0,1,0,1,1
Danielle,1,0,1,0,0,1
Kerry,0,0,0,0,1,1
Bob,0,0,0,0,0,0
Immanuel,0,0,1,1,0,0
Kare,0,0,0,0,0,1
Andrea,1,1,1,1,0,1
Frankie,1,0,1,0,0,1
Lonna,1,1,0,0,0,1
Giordano,0,0,1,0,0,0
Lyndsey,0,0,1,0,1,1
Gerianna,1,1,1,0,0,1
Vernon,0,0,1,0,0,0
Rhodia,1,1,1,0,0,1
Mallorie,1,0,1,0,0,1
Avie,0,0,0,1,0,1
Ingelbert,0,0,1,1,0,0
Analiese,1,0,1,1,0,1
Lanette,1,0,1,0,0,1
Naomi,1,0,0,0,0,1
Florry,0,0,1,0,1,1
Titus,0,0,0,0,0,0
Minna,1,1,0,0,0,1
Rolando,0,0,1,0,0,0
Roseann,0,0,1,0,0,1
Nancey,0,0,1,0,1,1
Inga,1,1,0,1,0,1
Denni,1,0,0,0,0,1
Quiggly,0,0,1,0,1,0
Janetta,1,1,1,0,0,1
Claudie,1,0,1,0,0,1
Rosmunda,1,1,1,0,0,1
Muffin,0,0,1,0,0,0
Sunny,0,0,0,0,1,1
Lisbeth,0,0,1,0,0,1
Peggi,1,0,0,0,0,1
Bartie,1,0,1,0,0,0
Aurora,1,1,1,1,0,1
Josef,0,0,0,0,0,0
Reggie,1,0,1,0,0,0
Yehudit,0,0,1,1,1,1
Erena,1,1,0,1,0,1
Devi,1,0,0,0,0,1
Maude,1,0,0,0,0,1
Scarlett,0,0,1,0,0,1
Tedie,1,0,0,0,0,0
Lucienne,1,0,1,0,0,1
Stacy,0,0,0,0,1,0
Flynn,0,0,0,0,1,0
Mmarianne,1,0,1,0,0,1
Theresa-Marie,1,0,1,0,0,1
Dallas,0,0,1,0,0,0
Lilyan,0,0,1,0,1,1
Emalee,1,0,1,1,0,1
Olimpia,1,1,1,1,0,1
Joycelin,0,0,1,0,1,1
Renado,0,0,1,0,0,0
Sharna,1,1,1,0,0,1
Georgia,1,1,1,0,0,1
Franklyn,0,0,1,0,1,0
Stevie,1,0,1,0,0,0
Aamir,0,0,0,1,0,0
Morna,1,1,0,0,0,1
Gertrud,0,0,1,0,0,1
Jeff,0,0,0,0,0,0
Lian,0,0,0,0,0,1
Hall,0,0,0,0,0,0
Lawrence,1,0,1,0,0,0
Minnie,1,0,1,0,0,1
Dinnie,1,0,1,0,0,1
Andonis,0,0,1,1,0,0
Drew,0,0,0,0,0,0
Ede,0,0,0,1,0,1
Devina,1,1,1,0,0,1
Debby,0,0,0,0,1,1
Lorene,1,0,1,0,0,1
Vonny,0,0,0,0,1,1
Lucien,0,0,1,0,0,0
Aldwin,0,0,1,1,0,0
Kia,1,1,0,0,0,1
Gilles,0,0,1,0,0,0
Annora,1,1,1,1,0,1
Sasha,1,1,0,0,0,1
Sherill,0,0,1,0,0,1
Vick,0,0,0,0,0,0
Cate,0,0,0,0,0,1
Jon,0,0,0,0,0,0
Bree,0,0,0,0,0,1
Deborah,0,0,1,0,0,1
Courtenay,0,0,1,0,1,1
Fredra,1,1,1,0,0,1
Elsinore,1,0,1,1,0,1
Phyllida,1,1,1,0,1,1
Kizzie,1,0,1,0,0,1
Fayina,1,1,1,0,1,1
Ebony,0,0,0,1,1,1
Jerzy,0,0,0,0,1,0
Lesly,0,0,0,0,1,1
Allison,0,0,1,1,0,1
Garfinkel,0,0,1,0,0,0
Rodina,1,1,1,0,0,1
Meira,1,1,0,0,0,1
Marshall,0,0,1,0,0,0
Beowulf,0,0,1,0,0,0
Roman,0,0,0,0,0,0
Sascha,1,1,1,0,0,1
Dennis,0,0,1,0,0,0
Sterne,1,0,1,0,0,0
Marcos,0,0,1,0,0,0
Coleen,0,0,1,0,0,1
Katie,1,0,0,0,0,1
Beaufort,0,0,1,0,0,0
Lorena,1,1,1,0,0,1
Rickard,0,0,1,0,0,0
Joye,0,0,0,0,1,1
Ronny,0,0,0,0,1,0
Mauritz,0,0,1,0,0,0
Con,0,0,0,0,0,1
Mady,0,0,0,0,1,1
Chaddy,0,0,1,0,1,0
Egbert,0,0,1,1,0,0
Rodd,0,0,0,0,0,0
Godard,0,0,1,0,0,0
Lani,1,0,0,0,0,1
Dacey,0,0,0,0,1,1
Laurance,1,0,1,0,0,0
Tyne,0,0,0,0,1,1
Britta,1,1,1,0,0,1
Marietta,1,1,1,0,0,0
Darline,1,0,1,0,0,1
Winny,0,0,0,0,1,1
Burl,0,0,0,0,0,0
Gwenneth,0,0,1,0,0,1
Janela,1,1,1,0,0,1
Lynea,1,1,0,0,1,1
Dalton,0,0,1,0,0,0
Sybyl,0,0,0,0,1,1
Carmelina,1,1,1,0,0,1
Randell,0,0,1,0,0,0
Bertine,1,0,1,0,0,1
Kerianne,1,0,1,0,0,1
Bernhard,0,0,1,0,0,0
Armstrong,0,0,1,1,0,0
Aurore,1,0,1,1,0,1
Wanda,1,1,0,0,0,1
Dan,0,0,0,0,0,0
Kimbra,1,1,1,0,0,1
Marit,0,0,0,0,0,1
Lynnea,1,1,1,0,1,1
Leonard,0,0,1,0,0,0
Liza,1,1,0,0,0,1
Leyla,1,1,0,0,1,1
Deloris,0,0,1,0,0,1
Zorina,1,1,1,0,0,1
Taddeus,0,0,1,0,0,0
Sandie,1,0,1,0,0,1
Miriam,0,0,1,0,0,1
Matthaeus,0,0,1,0,0,0
Esau,0,0,0,1,0,0
Grete,1,0,0,0,0,1
Antonia,1,1,1,1,0,1
Dorian,0,0,1,0,0,1
Toby,0,0,0,0,1,0
Rivalee,1,0,1,0,0,1
Cacilia,1,1,1,0,0,1
Koressa,1,1,1,0,0,1
Cati,1,0,0,0,0,1
Merwin,0,0,1,0,0,0
Bennie,1,0,1,0,0,1
Regen,0,0,0,0,0,0
Rhetta,1,1,1,0,0,1
Pamelina,1,1,1,0,0,1
Yettie,1,0,1,1,1,1
Karlotta,1,1,1,0,0,1
Elizabet,0,0,1,1,0,1
Pierre,1,0,1,0,0,0
Tia,1,1,0,0,0,1
Nanete,1,0,1,0,0,1
Park,0,0,0,0,0,0
Howard,0,0,1,0,0,0
Trish,0,0,0,0,0,1
Noel,0,0,0,0,0,1
Lurleen,0,0,1,0,0,1
Robinette,1,0,1,0,0,1
Violette,1,0,1,0,0,1
Hermy,0,0,0,0,1,0
Jean-Paul,0,0,1,0,0,0
Benji,1,0,0,0,0,0
Brandy,0,0,1,0,1,1
Janot,0,0,0,0,0,1
Lindsay,0,0,1,0,1,1
Barry,0,0,0,0,1,1
Annnora,1,1,1,1,0,1
Praneetf,0,0,1,0,0,0
Putnam,0,0,1,0,0,0
Rollin,0,0,1,0,0,0
Bobbette,1,0,1,0,0,1
Hadleigh,0,0,1,0,0,0
Latrena,1,1,1,0,0,1
Barbi,1,0,0,0,0,1
Vicki,1,0,0,0,0,1
Irena,1,1,0,1,0,1
Joellen,0,0,1,0,0,1
Arnoldo,0,0,1,1,0,0
Marlon,0,0,1,0,0,0
Olia,1,1,0,1,0,1
Bettie,1,0,1,0,0,1
Misha,1,1,0,0,0,1
Daryl,0,0,0,0,1,1
Kaleena,1,1,1,0,0,1
Ulberto,0,0,1,1,0,0
Karrie,1,0,1,0,0,1
Andie,1,0,0,1,0,0
Averil,0,0,1,1,0,0
Bealle,1,0,1,0,0,0
Tawsha,1,1,1,0,0,1
Darrell,0,0,1,0,0,0
Nananne,1,0,1,0,0,1
Jerrome,1,0,1,0,0,0
Tasia,1,1,0,0,0,1
Nolie,1,0,0,0,0,1
Rani,1,0,0,0,0,1
Antoni,1,0,1,1,0,0
Dulciana,1,1,1,0,0,1
Thurstan,0,0,1,0,0,0
Wendall,0,0,1,0,0,0
Vernor,0,0,1,0,0,0
Winni,1,0,0,0,0,1
Dorita,1,1,1,0,0,1
Emmi,1,0,0,1,0,1
Harlene,1,0,1,0,0,1
Danit,0,0,0,0,0,1
Tulley,0,0,1,0,1,0
Germaine,1,0,1,0,0,1
Daphene,1,0,1,0,0,1
Weslie,1,0,1,0,0,0
Sebastien,0,0,1,0,0,0
Lane,0,0,0,0,0,1
Ema,1,1,0,1,0,1
Ronnie,1,0,1,0,0,1
Jermayne,1,0,1,0,1,0
Morry,0,0,0,0,1,0
Ashish,0,0,1,1,0,0
Rori,1,0,0,0,0,1
Brandice,1,0,1,0,0,1
Dolorita,1,1,1,0,0,1
Kellina,1,1,1,0,0,1
Nikki,1,0,0,0,0,0
Kirbee,1,0,1,0,0,1
Judi,1,0,0,0,0,1
Johnathan,0,0,1,0,0,0
Bride,1,0,0,0,0,1
Sandi,1,0,0,0,0,1
Manuel,0,0,1,0,0,0
Venita,1,1,1,0,0,1
Milli,1,0,0,0,0,1
Nigel,0,0,0,0,0,0
Celesta,1,1,1,0,0,1
Mina,1,1,0,0,0,1
Valentin,0,0,1,0,0,0
Leora,1,1,0,0,0,1
Dirk,0,0,0,0,0,0
Niki,1,0,0,0,0,1
Alec,0,0,0,1,0,0
Dorene,1,0,1,0,0,1
Kaster,0,0,1,0,0,1
Alvina,1,1,1,1,0,1
Maribeth,0,0,1,0,0,1
Jeffry,0,0,1,0,1,0
Gerard,0,0,1,0,0,0
Mathilda,1,1,1,0,0,1
Bart,0,0,0,0,0,0
Ewan,0,0,0,1,0,0
Mariann,0,0,1,0,0,1
Tildie,1,0,1,0,0,1
Meriel,0,0,1,0,0,1
Pattie,1,0,1,0,0,0
Julita,1,1,1,0,0,1
Brenn,0,0,0,0,0,1
Otes,0,0,0,1,0,0
Allyce,1,0,1,1,1,1
Milly,0,0,0,0,1,1
Ardis,0,0,0,1,0,1
Malvina,1,1,1,0,0,1
Blakeley,0,0,1,0,1,1
Laurice,1,0,1,0,0,1
Claire,1,0,1,0,0,0
Tabbatha,1,1,1,0,0,1
Rennie,1,0,1,0,0,1
Jodi,1,0,0,0,0,0
Ender,0,0,0,1,0,0
Shantee,1,0,1,0,0,1
Lotty,0,0,0,0,1,1
Conchita,1,1,1,0,0,1
Dot,0,0,0,0,0,1
Merola,1,1,1,0,0,1
Ree,0,0,0,0,0,1
Agnesse,1,0,1,1,0,1
Tan,0,0,0,0,0,0
Jaime,1,0,0,0,0,0
Jeanie,1,0,1,0,0,1
Hannis,0,0,1,0,0,1
Cosetta,1,1,1,0,0,1
Fanni,1,0,0,0,0,1
Jocelyn,0,0,1,0,1,1
Ethel,0,0,0,1,0,1
Agnese,1,0,1,1,0,1
Bambi,1,0,0,0,0,1
Wileen,0,0,1,0,0,1
Malena,1,1,1,0,0,1
Warde,1,0,0,0,0,0
Mustafa,1,1,1,0,0,0
Joslyn,0,0,1,0,1,1
Christorpher,0,0,1,0,0,0
Saundra,1,1,1,0,0,1
Terrence,1,0,1,0,0,0
Vinni,1,0,0,0,0,1
Damian,0,0,1,0,0,0
Dale,0,0,0,0,0,0
Janaye,1,0,1,0,1,1
Charmaine,1,0,1,0,0,1
Rudie,1,0,0,0,0,0
Lem,0,0,0,0,0,0
Cherise,1,0,1,0,0,1
Rosalynd,0,0,1,0,1,1
Felicle,1,0,1,0,0,1
Inge,0,0,0,1,0,1
Marti,1,0,0,0,0,1
Luis,0,0,0,0,0,0
Whitman,0,0,1,0,0,0
Rahul,0,0,0,0,0,0
Melanie,1,0,1,0,0,1
Terrill,0,0,1,0,0,0
Morena,1,1,1,0,0,1
Indira,1,1,1,1,0,1
Brittan,0,0,1,0,0,1
Constantin,0,0,1,0,0,0
Audrey,0,0,1,1,1,1
Aldus,0,0,0,1,0,0
Osmond,0,0,1,1,0,0
Dee,0,0,0,0,0,1
Austina,1,1,1,1,0,1
Calida,1,1,1,0,0,1
Vivien,0,0,1,0,0,1
Terrianne,1,0,1,0,0,1
Thain,0,0,0,0,0,0
Gale,0,0,0,0,0,0
Juliann,0,0,1,0,0,1
Linnet,0,0,1,0,0,1
Tedd,0,0,0,0,0,0
Kissiah,0,0,1,0,0,1
Haskell,0,0,1,0,0,0
Mavis,0,0,0,0,0,1
Loreen,0,0,1,0,0,1
Felice,1,0,1,0,0,1
Shalne,1,0,1,0,0,1
Carleen,0,0,1,0,0,1
Angelika,1,1,1,1,0,1
Haywood,0,0,1,0,1,0
Dael,0,0,0,0,0,1
Bevvy,0,0,0,0,1,1
Margalo,0,0,1,0,0,1
Butler,0,0,1,0,0,0
Terese,1,0,1,0,0,1
Daisy,0,0,0,0,1,1
Marlin,0,0,1,0,0,0
Aeriell,0,0,1,1,0,1
Larine,1,0,1,0,0,1
Kirby,0,0,0,0,1,1
Joya,1,1,0,0,1,1
Emmanuel,0,0,1,1,0,0
Ingeberg,0,0,1,1,0,1
Eda,1,1,0,1,0,1
Kelley,0,0,1,0,1,0
Hortensia,1,1,1,0,0,1
Duffie,1,0,1,0,0,0
Cain,0,0,0,0,0,0
Vic,0,0,0,0,0,0
Anabella,1,1,1,1,0,1
Suzetta,1,1,1,0,0,1
Bay,0,0,0,0,1,0
Corky,0,0,0,0,1,0
Adnan,0,0,0,1,0,0
Alonso,0,0,1,1,0,0
Tamera,1,1,1,0,0,1
Meridith,0,0,1,0,0,1
Fredericka,1,1,1,0,0,1
Timmi,1,0,0,0,0,1
Sergeant,0,0,1,0,0,0
Cheslie,1,0,1,0,0,1
Lilly,0,0,0,0,1,1
Suzan,0,0,0,0,0,1
Lanna,1,1,0,0,0,1
Chandra,1,1,1,0,0,1
Francyne,1,0,1,0,1,1
Perla,1,1,0,0,0,1
Burnaby,0,0,1,0,1,0
Debor,0,0,0,0,0,1
Faun,0,0,0,0,0,1
Robyn,0,0,0,0,1,1
Tootsie,1,0,1,0,0,1
Stanly,0,0,1,0,1,0
Latashia,1,1,1,0,0,1
Julietta,1,1,1,0,0,1
Wyndham,0,0,1,0,1,0
Judas,0,0,0,0,0,0
Aurelie,1,0,1,1,0,1
Gabriel,0,0,1,0,0,0
Meghan,0,0,1,0,0,1
Chev,0,0,0,0,0,0
Laurene,1,0,1,0,0,1
Roth,0,0,0,0,0,0
Clareta,1,1,1,0,0,1
Cleland,0,0,1,0,0,0
Kattie,1,0,1,0,0,1
Tammie,1,0,1,0,0,1
Tammi,1,0,0,0,0,1
Valida,1,1,1,0,0,1
Bell,0,0,0,0,0,1
Suzann,0,0,1,0,0,1
Constance,1,0,1,0,0,1
Livia,1,1,0,0,0,1
Gustaf,0,0,1,0,0,0
Caroleen,0,0,1,0,0,1
Merry,0,0,0,0,1,1
Logan,0,0,0,0,0,0
Callida,1,1,1,0,0,1
Marius,0,0,1,0,0,0
Bethena,1,1,1,0,0,1
Othelia,1,1,1,1,0,1
Sandro,0,0,1,0,0,0
Dawn,0,0,0,0,0,1
Lolita,1,1,1,0,0,1
Hanna,1,1,0,0,0,1
Cheston,0,0,1,0,0,0
Harlan,0,0,1,0,0,0
Mellisa,1,1,1,0,0,1
Juliette,1,0,1,0,0,1
Carmen,0,0,1,0,0,1
Giacomo,0,0,1,0,0,0
Maryellen,0,0,1,0,1,1
Marcella,1,1,1,0,0,1
Neda,1,1,0,0,0,1
Kip,0,0,0,0,0,1
Martha,1,1,1,0,0,1
Gabrielle,1,0,1,0,0,1
Nat,0,0,0,0,0,1
Merle,1,0,0,0,0,1
Felicdad,0,0,1,0,0,1
Jimbo,0,0,0,0,0,0
Steffie,1,0,1,0,0,1
Boyd,0,0,0,0,1,0
Kris,0,0,0,0,0,0
Peter,0,0,0,0,0,0
Elwyn,0,0,0,1,1,0
Micky,0,0,0,0,1,0
Merlina,1,1,1,0,0,1
Yoko,0,0,0,1,1,1
Robbie,1,0,1,0,0,1
Isa,1,1,0,1,0,0
Jerrilyn,0,0,1,0,1,1
Shamit,0,0,1,0,0,1
Wallie,1,0,1,0,0,1
Love,0,0,0,0,0,1
Katalin,0,0,1,0,0,1
Ferguson,0,0,1,0,0,0
Sophi,1,0,0,0,0,1
Markus,0,0,1,0,0,0
Ashby,0,0,0,1,1,0
Anatoly,0,0,1,1,1,0
Irina,1,1,0,1,0,1
Cleopatra,1,1,1,0,0,1
Bertina,1,1,1,0,0,1
Darby,0,0,0,0,1,1
Zia,1,1,0,0,0,1
Karna,1,1,0,0,0,1
Britaney,0,0,1,0,1,1
Blondelle,1,0,1,0,0,1
Morganne,1,0,1,0,0,1
Fernando,0,0,1,0,0,0
Quinta,1,1,1,0,0,1
Chanda,1,1,1,0,0,1
Derrek,0,0,1,0,0,0
Mella,1,1,0,0,0,1
Margarette,1,0,1,0,0,1
Paulie,1,0,1,0,0,1
Belvia,1,1,1,0,0,1
Angelita,1,1,1,1,0,1
Beau,0,0,0,0,0,0
Nichol,0,0,1,0,0,1
Pascal,0,0,1,0,0,0
Sabrina,1,1,1,0,0,1
Steward,0,0,1,0,0,0
Georgia,1,1,1,0,0,0
Wyatan,0,0,1,0,1,0
Aguste,1,0,1,1,0,0
Florinda,1,1,1,0,0,1
Rikki,1,0,0,0,0,1
Natalee,1,0,1,0,0,1
Charissa,1,1,1,0,0,1
Viole,1,0,0,0,0,1
Rose,0,0,0,0,0,1
Wat,0,0,0,0,0,0
Nady,0,0,0,0,1,1
Pandora,1,1,1,0,0,1
Wallis,0,0,1,0,0,0
Harrold,0,0,1,0,0,0
Cherin,0,0,1,0,0,1
Sarina,1,1,1,0,0,1
Maybelle,1,0,1,0,1,1
Ham,0,0,0,0,0,0
Cloe,0,0,0,0,0,1
Austin,0,0,1,1,0,1
Hildegarde,1,0,1,0,0,1
Dorothea,1,1,1,0,0,1
Alidia,1,1,1,1,0,1
Karyn,0,0,0,0,1,1
Vena,1,1,0,0,0,1
Tracie,1,0,1,0,0,0
Leiah,0,0,0,0,0,1
Alfreda,1,1,1,1,0,1
Coral,0,0,0,0,0,1
Marvin,0,0,1,0,0,0
Caspar,0,0,1,0,0,0
Charlena,1,1,1,0,0,1
Dorothy,0,0,1,0,1,1
Jo,0,0,0,0,0,0
Mickie,1,0,1,0,0,0
Consolata,1,1,1,0,0,1
Danella,1,1,1,0,0,1
Rene,0,0,0,0,0,0
Adelina,1,1,1,1,0,1
Vivianne,1,0,1,0,0,1
Shurwood,0,0,1,0,0,0
Kip,0,0,0,0,0,0
Genvieve,1,0,1,0,0,1
Feliza,1,1,1,0,0,1
Valerye,1,0,1,0,1,1
Evangelin,0,0,1,1,0,1
Suki,1,0,0,0,0,1
Piet,0,0,0,0,0,0
Etta,1,1,0,1,0,1
Teane,1,0,0,0,0,1
Clemmy,0,0,1,0,1,1
Glennie,1,0,1,0,0,1
Sly,0,0,0,0,1,0
Thornie,1,0,1,0,0,0
Alyda,1,1,0,1,1,1
Vonnie,1,0,1,0,0,1
Zorro,0,0,0,0,0,0
Bartolomei,1,0,1,0,0,0
Odell,0,0,0,1,0,0
Chance,1,0,1,0,0,0
Carlee,1,0,1,0,0,1
Jean,0,0,0,0,0,0
Claresta,1,1,1,0,0,1
Ellissa,1,1,1,1,0,1
Isabella,1,1,1,1,0,1
Manya,1,1,0,0,1,1
Tobin,0,0,0,0,0,0
Leilah,0,0,1,0,0,1
Benjie,1,0,1,0,0,0
Sigrid,0,0,1,0,0,1
Lillis,0,0,1,0,0,1
Derek,0,0,0,0,0,0
Casi,1,0,0,0,0,1
Lesya,1,1,0,0,1,1
Germain,0,0,1,0,0,1
Moyra,1,1,0,0,1,1
Morganica,1,1,1,0,0,1
Fey,0,0,0,0,1,1
Son,0,0,0,0,0,0
Dominic,0,0,1,0,0,0
Ann,0,0,0,1,0,1
Jackquelin,0,0,1,0,0,1
Mariquilla,1,1,1,0,0,1
Ahmet,0,0,0,1,0,0
Prudy,0,0,0,0,1,1
Casandra,1,1,1,0,0,1
Bruno,0,0,0,0,0,0
Redford,0,0,1,0,0,0
Debera,1,1,1,0,0,1
Geoffrey,0,0,1,0,1,0
Hamilton,0,0,1,0,0,0
Van,0,0,0,0,0,1
Maureen,0,0,1,0,0,1
Sherrie,1,0,1,0,0,1
Eberhard,0,0,1,1,0,0
Han,0,0,0,0,0,0
Clemente,1,0,1,0,0,0
Lisandra,1,1,1,0,0,1
Vlad,0,0,0,0,0,0
Mabel,0,0,0,0,0,1
Pyotr,0,0,0,0,1,0
Shel,0,0,0,0,0,1
Sheffy,0,0,1,0,1,0
Caroljean,0,0,1,0,0,1
Chrissa,1,1,1,0,0,1
Rakel,0,0,0,0,0,1
Joleen,0,0,1,0,0,1
Annie,1,0,0,1,0,1
Arliene,1,0,1,1,0,1
Crystie,1,0,1,0,1,1
Christabel,0,0,1,0,0,1
Maris,0,0,0,0,0,1
Blaine,1,0,1,0,0,0
Joela,1,1,0,0,0,1
Elton,0,0,0,1,0,0
Nona,1,1,0,0,0,1
Averill,0,0,1,1,0,0
Bernardina,1,1,1,0,0,1
Mayer,0,0,0,0,1,0
Florina,1,1,1,0,0,1
Zsa Zsa,1,1,1,0,0,1
Kathy,0,0,0,0,1,1
Tammara,1,1,1,0,0,1
Alfonse,1,0,1,1,0,0
Amelina,1,1,1,1,0,1
Opaline,1,0,1,1,0,1
Georgette,1,0,1,0,0,1
Corey,0,0,0,0,1,0
Channa,1,1,1,0,0,1
Lisette,1,0,1,0,0,1
Barnebas,0,0,1,0,0,0
Luana,1,1,0,0,0,1
Wayland,0,0,1,0,1,0
Henrie,1,0,1,0,0,1
Martie,1,0,1,0,0,0
Maurits,0,0,1,0,0,0
Rollins,0,0,1,0,0,0
Lindie,1,0,1,0,0,1
Malcolm,0,0,1,0,0,0
Clarissa,1,1,1,0,0,1
Sheelagh,0,0,1,0,0,1
Stanislaw,0,0,1,0,0,0
Alexandrina,1,1,1,1,0,1
Maisey,0,0,1,0,1,1
Carie,1,0,0,0,0,1
Lidia,1,1,0,0,0,1
Suzzy,0,0,0,0,1,1
Mamie,1,0,0,0,0,1
Kingston,0,0,1,0,0,0
Rab,0,0,0,0,0,0
Crawford,0,0,1,0,0,0
Mitchael,0,0,1,0,0,0
Phip,0,0,0,0,0,0
Cyndy,0,0,0,0,1,1
Skip,0,0,0,0,0,0
Ofella,1,1,1,1,0,1
Chickie,1,0,1,0,0,1
Kimmy,0,0,0,0,1,1
Harvey,0,0,1,0,1,0
Les,0,0,0,0,0,0
Peri,1,0,0,0,0,1
Harriet,0,0,1,0,0,1
Dianna,1,1,1,0,0,1
Inessa,1,1,1,1,0,1
Rhianon,0,0,1,0,0,1
Shanda,1,1,1,0,0,1
Lil,0,0,0,0,0,1
Pinchas,0,0,1,0,0,0
Coralyn,0,0,1,0,1,1
Erma,1,1,0,1,0,1
Dosi,1,0,0,0,0,1
Lind,0,0,0,0,0,0
Wolfie,1,0,1,0,0,0
Katherina,1,1,1,0,0,1
Jerry,0,0,0,0,1,1
Caria,1,1,0,0,0,1
Corabel,0,0,1,0,0,1
Giorgio,0,0,1,0,0,0
Wilton,0,0,1,0,0,0
Tracy,0,0,0,0,1,1
Anna-Diane,1,0,1,1,0,1
Modestia,1,1,1,0,0,1
Joy,0,0,0,0,1,1
Antonietta,1,1,1,1,0,1
Berk,0,0,0,0,0,0
Walton,0,0,1,0,0,0
Caroline,1,0,1,0,0,1
Antonino,0,0,1,1,0,0
Corrinne,1,0,1,0,0,1
Darius,0,0,1,0,0,0
Carlie,1,0,1,0,0,0
Jarrett,0,0,1,0,0,0
Gabe,0,0,0,0,0,0
Hirsch,0,0,1,0,0,0
Cyrus,0,0,0,0,1,0
Gusta,1,1,0,0,0,1
Allah,0,0,0,1,0,0
Saul,0,0,0,0,0,0
Bailie,1,0,1,0,0,0
Fiorenze,1,0,1,0,0,1
Lauraine,1,0,1,0,0,1
Zaneta,1,1,1,0,0,1
Trey,0,0,0,0,1,0
Mitch,0,0,0,0,0,0
Janine,1,0,1,0,0,1
Rebecca,1,1,1,0,0,1
Harmon,0,0,1,0,0,0
Yovonnda,1,1,1,1,1,1
Aubrie,1,0,1,1,0,1
Laurie,1,0,1,0,0,0
Derick,0,0,1,0,0,0
Kareem,0,0,1,0,0,0
Agretha,1,1,1,1,0,1
Iormina,1,1,1,1,0,1
Tab,0,0,0,0,0,0
Calhoun,0,0,1,0,0,0
Alyson,0,0,1,1,1,1
Jerrylee,1,0,1,0,1,1
Elihu,0,0,0,1,0,0
Jessamine,1,0,1,0,0,1
Tine,0,0,0,0,0,1
Wynn,0,0,0,0,1,0
Tiena,1,1,0,0,0,1
Luci,1,0,0,0,0,1
Gerti,1,0,0,0,0,1
Robinson,0,0,1,0,0,0
Petra,1,1,0,0,0,1
Lurline,1,0,1,0,0,1
Rolf,0,0,0,0,0,0
Jody,0,0,0,0,1,1
Nessie,1,0,1,0,0,1
Gus,0,0,0,0,0,1
Dominick,0,0,1,0,0,0
Melany,0,0,1,0,1,1
Victor,0,0,1,0,0,0
Jo-Anne,1,0,1,0,0,1
Vanessa,1,1,1,0,0,1
Kristien,0,0,1,0,0,1
Molli,1,0,0,0,0,1
Blythe,1,0,1,0,1,1
Dell,0,0,0,0,0,1
Sisile,1,0,1,0,0,1
Cyrille,1,0,1,0,1,0
Jaquenette,1,0,1,0,0,1
Norean,0,0,1,0,0,1
Sunny,0,0,0,0,1,0
Christoph,0,0,1,0,0,0
Hannibal,0,0,1,0,0,1
Nicolina,1,1,1,0,0,1
Hali,1,0,0,0,0,1
Munmro,0,0,1,0,0,0
Ninette,1,0,1,0,0,1
Genna,1,1,0,0,0,1
Daisie,1,0,1,0,0,1
Ulrika,1,1,1,1,0,1
Reena,1,1,0,0,0,1
Ginnie,1,0,1,0,0,1
Davis,0,0,0,0,0,0
Alfonso,0,0,1,1,0,0
Sheff,0,0,0,0,0,0
Zora,1,1,0,0,0,1
Bridgett,0,0,1,0,0,1
Dorry,0,0,0,0,1,1
Donnie,1,0,1,0,0,1
Ebonee,1,0,1,1,0,1
Darwin,0,0,1,0,0,0
Parker,0,0,1,0,0,0
Marney,0,0,1,0,1,1
Rickey,0,0,1,0,1,0
Gloriane,1,0,1,0,0,1
Daniel,0,0,1,0,0,1
Merralee,1,0,1,0,0,1
Loni,1,0,0,0,0,1
Leigha,1,1,1,0,0,1
Jennie,1,0,1,0,0,1
Barbey,0,0,1,0,1,1
Kassi,1,0,0,0,0,1
Arlyn,0,0,0,1,1,1
Rock,0,0,0,0,0,0
Joana,1,1,0,0,0,1
Duncan,0,0,1,0,0,0
Theodoric,0,0,1,0,0,0
Morgen,0,0,1,0,0,1
Nathanial,0,0,1,0,0,0
Engelbert,0,0,1,1,0,0
Aube,0,0,0,1,0,0
Ichabod,0,0,1,1,0,0
Tobit,0,0,0,0,0,0
Mickie,1,0,1,0,0,1
Caril,0,0,0,0,0,1
Harwell,0,0,1,0,0,0
Nate,0,0,0,0,0,0
Jaquelyn,0,0,1,0,1,1
Delmar,0,0,1,0,0,0
Arnie,1,0,0,1,0,0
Georgine,1,0,1,0,0,1
Bettina,1,1,1,0,0,1
Aldo,0,0,0,1,0,0
Anne-Mar,0,0,1,1,0,1
Shira,1,1,0,0,0,1
Pooh,0,0,0,0,0,1
Hyatt,0,0,0,0,1,0
Freddy,0,0,1,0,1,0
Renaldo,0,0,1,0,0,0
Kalinda,1,1,1,0,0,1
Winfred,0,0,1,0,0,0
Sharleen,0,0,1,0,0,1
Conway,0,0,1,0,1,0
Katina,1,1,1,0,0,1
Briney,0,0,1,0,1,1
Ty,0,0,0,0,1,0
Manda,1,1,0,0,0,1
Drake,1,0,0,0,0,0
Ambrosi,1,0,1,1,0,0
Kimmie,1,0,1,0,0,1
Willie,1,0,1,0,0,0
Judson,0,0,1,0,0,0
Olivie,1,0,1,1,0,1
Bobina,1,1,1,0,0,1
Debee,1,0,0,0,0,1
Ruby,0,0,0,0,1,0
Marjory,0,0,1,0,1,1
Damara,1,1,1,0,0,1
Gardiner,0,0,1,0,0,0
Alice,1,0,0,1,0,1
Nessy,0,0,0,0,1,1
Sari,1,0,0,0,0,1
Cass,0,0,0,0,0,1
Misty,0,0,0,0,1,1
Cassi,1,0,0,0,0,1
Kelci,1,0,0,0,0,1
Verina,1,1,1,0,0,1
Rhody,0,0,0,0,1,1
Munroe,1,0,1,0,0,0
Annice,1,0,1,1,0,1
Raven,0,0,0,0,0,1
Davida,1,1,1,0,0,1
Brant,0,0,0,0,0,0
Lanny,0,0,0,0,1,0
Charleton,0,0,1,0,0,0
Lyndsay,0,0,1,0,1,1
Luce,0,0,0,0,0,1
Erasmus,0,0,1,1,0,0
Torr,0,0,0,0,0,0
Harland,0,0,1,0,0,0
Kara,1,1,0,0,0,1
Ariel,0,0,0,1,0,1
Marleen,0,0,1,0,0,1
Joao,0,0,0,0,0,0
Georgeta,1,1,1,0,0,1
Reg,0,0,0,0,0,0
Tiana,1,1,0,0,0,1
Gilberte,1,0,1,0,0,1
Murdoch,0,0,1,0,0,0
Elke,0,0,0,1,0,1
Karlyn,0,0,1,0,1,1
Rodolphe,1,0,1,0,0,0
Lorette,1,0,1,0,0,1
Sibelle,1,0,1,0,0,1
Irvin,0,0,0,1,0,0
Michael,0,0,1,0,0,0
Kellen,0,0,1,0,0,1
Kristel,0,0,1,0,0,1
Phebe,1,0,0,0,0,1
Shelli,1,0,1,0,0,1
Myrle,1,0,0,0,1,1
Darcey,0,0,1,0,1,1
Queada,1,1,1,0,0,1
Seth,0,0,0,0,0,0
Trescha,1,1,1,0,0,1
Vally,0,0,0,0,1,1
Jinny,0,0,0,0,1,1
Gearard,0,0,1,0,0,0
Jan,0,0,0,0,0,1
Meyer,0,0,0,0,1,0
Horatia,1,1,1,0,0,1
Rochella,1,1,1,0,0,1
Kevan,0,0,0,0,0,0
Kiri,1,0,0,0,0,1
Mary,0,0,0,0,1,1
Konstantin,0,0,1,0,0,0
Jerome,1,0,1,0,0,0
Norton,0,0,1,0,0,0
Bianca,1,1,1,0,0,1
Corrina,1,1,1,0,0,1
Harv,0,0,0,0,0,0
Rodi,1,0,0,0,0,1
Wilhelmina,1,1,1,0,0,1
Elnore,1,0,1,1,0,1
Luise,1,0,0,0,0,1
Danell,0,0,1,0,0,1
Steffi,1,0,1,0,0,1
Nessi,1,0,0,0,0,1
Glennis,0,0,1,0,0,1
Oralia,1,1,1,1,0,1
Perri,1,0,0,0,0,1
Maryanna,1,1,1,0,1,1
Ingeborg,0,0,1,1,0,1
Erastus,0,0,1,1,0,0
Romonda,1,1,1,0,0,1
Jeni,1,0,0,0,0,1
Fox,0,0,0,0,0,0
Regina,1,1,1,0,0,1
Debbie,1,0,1,0,0,1
Bertram,0,0,1,0,0,0
Christel,0,0,1,0,0,1
Ninon,0,0,0,0,0,1
Cherilyn,0,0,1,0,1,1
Rolland,0,0,1,0,0,0
Carlota,1,1,1,0,0,1
Marion,0,0,1,0,0,1
Stephi,1,0,1,0,0,1
Alexa,1,1,0,1,0,1
Stefania,1,1,1,0,0,1
Judy,0,0,0,0,1,1
Delora,1,1,1,0,0,1
Ez,0,0,0,1,0,0
Gill,0,0,0,0,0,1
Lex,0,0,0,0,0,0
Zoe,0,0,0,0,0,1
Arie,0,0,0,1,0,0
Andriette,1,0,1,1,0,1
Riley,0,0,0,0,1,0
Phil,0,0,0,0,0,1
Efram,0,0,0,1,0,0
Steve,1,0,0,0,0,0
Jasmina,1,1,1,0,0,1
Consuelo,0,0,1,0,0,1
Stacee,1,0,1,0,0,1
Ximenez,0,0,1,0,0,0
Spike,1,0,0,0,0,0
Auria,1,1,0,1,0,1
Iain,0,0,0,1,0,0
Mommy,0,0,0,0,1,1
Andrew,0,0,1,1,0,0
Regine,1,0,1,0,0,1
Horace,1,0,1,0,0,0
Alvin,0,0,0,1,0,0
Leontyne,1,0,1,0,1,1
Rozella,1,1,1,0,0,1
Elisabetta,1,1,1,1,0,1
Babara,1,1,1,0,0,1
Marsiella,1,1,1,0,0,1
Nissie,1,0,1,0,0,1
Sianna,1,1,1,0,0,1
Caesar,0,0,1,0,0,0
Abigale,1,0,1,1,0,1
Rosemarie,1,0,1,0,0,1
Marian,0,0,1,0,0,1
Pascale,1,0,1,0,0,0
Chris,0,0,0,0,0,1
Karry,0,0,0,0,1,1
Gwenny,0,0,1,0,1,1
Kacie,1,0,0,0,0,1
Candida,1,1,1,0,0,1
Nelie,1,0,0,0,0,1
Annetta,1,1,1,1,0,1
Star,0,0,0,0,0,1
Urban,0,0,0,1,0,0
Maressa,1,1,1,0,0,1
Chalmers,0,0,1,0,0,0
Jayme,1,0,0,0,1,1
Ray,0,0,0,0,1,1
Dugan,0,0,0,0,0,0
Shepard,0,0,1,0,0,0
Katuscha,1,1,1,0,0,1
Denys,0,0,0,0,1,1
Cayla,1,1,0,0,1,1
Clem,0,0,0,0,0,0
Karlen,0,0,1,0,0,1
Kelly,0,0,0,0,1,1
Salim,0,0,0,0,0,0
La,1,1,0,0,0,1
Olva,1,1,0,1,0,1
Carita,1,1,1,0,0,1
Morley,0,0,1,0,1,0
Austen,0,0,1,1,0,0
Silas,0,0,0,0,0,0
Valenka,1,1,1,0,0,1
Edie,0,0,0,1,0,1
Yehudi,1,0,1,1,1,0
Royce,1,0,0,0,1,0
Bradly,0,0,1,0,1,0
Rubi,1,0,0,0,0,1
Olympie,1,0,1,1,1,1
Dorthea,1,1,1,0,0,1
Homer,0,0,0,0,0,0
Irving,0,0,1,1,0,0
Pierce,1,0,1,0,0,0
Torrey,0,0,1,0,1,0
Idette,1,0,1,1,0,1
Cobby,0,0,0,0,1,0
Ivan,0,0,0,1,0,0
Alvera,1,1,1,1,0,1
Valma,1,1,0,0,0,1
Tish,0,0,0,0,0,1
Constantinos,0,0,1,0,0,0
Tremaine,1,0,1,0,0,0
Caritta,1,1,1,0,0,1
Ammamaria,1,1,1,1,0,1
Gussie,1,0,1,0,0,1
Wylie,1,0,0,0,1,0
Orin,0,0,0,1,0,0
Gonzales,0,0,1,0,0,0
Meryl,0,0,0,0,1,1
Sigmund,0,0,1,0,0,0
Wandis,0,0,1,0,0,1
Briny,0,0,0,0,1,1
Minny,0,0,0,0,1,1
Randy,0,0,0,0,1,1
Sherline,1,0,1,0,0,1
Reta,1,1,0,0,0,1
Ines,0,0,0,1,0,1
Margette,1,0,1,0,0,1
Elisha,1,1,1,1,0,0
Jojo,0,0,0,0,0,1
Dimitrios,0,0,1,0,0,0
Olenka,1,1,1,1,0,1
Claudetta,1,1,1,0,0,1
Mirella,1,1,1,0,0,1
Jaynell,0,0,1,0,1,1
Torry,0,0,0,0,1,0
Hector,0,0,1,0,0,0
Tarrance,1,0,1,0,0,0
Vale,0,0,0,0,0,0
Lars,0,0,0,0,0,0
Dione,1,0,0,0,0,1
Belicia,1,1,1,0,0,1
Willey,0,0,1,0,1,0
Daffy,0,0,0,0,1,1
Hilliary,0,0,1,0,1,1
Darcy,0,0,0,0,1,1
Bertie,1,0,1,0,0,0
Franni,1,0,1,0,0,1
Sile,0,0,0,0,0,1
Cheryl,0,0,1,0,1,1
Roberto,0,0,1,0,0,0
Emogene,1,0,1,1,0,1
Ludvig,0,0,1,0,0,0
Casper,0,0,1,0,0,0
Verene,1,0,1,0,0,1
Andreas,0,0,1,1,0,0
Kurtis,0,0,1,0,0,0
Kevin,0,0,0,0,0,0
Michel,0,0,1,0,0,0
Georgena,1,1,1,0,0,1
Spenser,0,0,1,0,0,0
Birdie,1,0,1,0,0,1
Neila,1,1,0,0,0,1
Emmet,0,0,0,1,0,0
Jammie,1,0,1,0,0,1
Ernst,0,0,0,1,0,0
Jasmine,1,0,1,0,0,1
Gena,1,1,0,0,0,1
Anjela,1,1,1,1,0,1
Jen,0,0,0,0,0,1
Olly,0,0,0,1,1,1
Violet,0,0,1,0,0,1
Dionis,0,0,1,0,0,0
Milt,0,0,0,0,0,0
Mariska,1,1,1,0,0,1
Adele,1,0,0,1,0,1
Deidre,1,0,1,0,0,1
Bobinette,1,0,1,0,0,1
Stephanie,1,0,1,0,0,1
Dorolice,1,0,1,0,0,1
Gillie,1,0,1,0,0,1
Dela,1,1,0,0,0,1
Britni,1,0,1,0,0,1
Carter,0,0,1,0,0,0
Hilary,0,0,1,0,1,1
Westbrook,0,0,1,0,0,0
Andrey,0,0,1,1,1,0
Eve,0,0,0,1,0,1
Ira,1,1,0,1,0,0
Casey,0,0,0,0,1,1
Hadley,0,0,1,0,1,0
Zorana,1,1,1,0,0,1
Bellamy,0,0,1,0,1,1
Allan,0,0,0,1,0,0
Tessi,1,0,0,0,0,1
Jolynn,0,0,1,0,1,1
Meredith,0,0,1,0,0,1
Velma,1,1,0,0,0,1
Jill,0,0,0,0,0,1
Monique,1,0,1,0,0,1
Nanni,1,0,0,0,0,1
Randy,0,0,0,0,1,0
Sally,0,0,0,0,1,1
Joaquin,0,0,1,0,0,0
Freddie,1,0,1,0,0,1
Wolfy,0,0,0,0,1,0
Kristian,0,0,1,0,0,0
Nunzio,0,0,1,0,0,0
Saundra,1,1,1,0,0,0
Maryjo,0,0,1,0,1,1
Israel,0,0,1,1,0,0
Sydel,0,0,0,0,1,1
Christina,1,1,1,0,0,1
Gretta,1,1,1,0,0,1
Calley,0,0,1,0,1,1
Rudolfo,0,0,1,0,0,0
Tansy,0,0,0,0,1,1
Martainn,0,0,1,0,0,0
Dareen,0,0,1,0,0,1
Datha,1,1,0,0,0,1
Avivah,0,0,1,1,0,1
Derrol,0,0,1,0,0,0
Archie,1,0,1,1,0,0
Tommi,1,0,0,0,0,1
Bo,0,0,0,0,0,1
Rafaelia,1,1,1,0,0,1
Margalit,0,0,1,0,0,1
Berthe,1,0,1,0,0,1
Mike,0,0,0,0,0,0
Cherlyn,0,0,1,0,1,1
Patsy,0,0,0,0,1,1
Gwenora,1,1,1,0,0,1
Aurelia,1,1,1,1,0,1
Elbertina,1,1,1,1,0,1
Kissee,1,0,1,0,0,1
Mitzi,1,0,0,0,0,1
Paulette,1,0,1,0,0,1
Olivia,1,1,1,1,0,1
Janelle,1,0,1,0,0,1
Timi,1,0,0,0,0,1
Aleda,1,1,0,1,0,1
Cathleen,0,0,1,0,0,1
Rachel,0,0,1,0,0,1
Herve,1,0,0,0,0,0
Barn,0,0,0,0,0,0
Peyter,0,0,1,0,1,0
Edmund,0,0,1,1,0,0
Jenifer,0,0,1,0,0,1
Stormi,1,0,1,0,0,1
Babita,1,1,1,0,0,1
Arlina,1,1,1,1,0,1
Iona,1,1,0,1,0,1
Clio,0,0,0,0,0,1
Quinlan,0,0,1,0,0,0
Ethelbert,0,0,1,1,0,0
Alexi,1,0,0,1,0,1
Joelie,1,0,1,0,0,1
Sheridan,0,0,1,0,0,0
Leonanie,1,0,1,0,0,1
Gabbie,1,0,1,0,0,1
Jesselyn,0,0,1,0,1,1
Emalia,1,1,1,1,0,1
Cassie,1,0,1,0,0,1
Jana,1,1,0,0,0,1
Vivyan,0,0,1,0,1,1
Sapphira,1,1,1,0,0,1
Ibrahim,0,0,1,1,0,0
Vere,0,0,0,0,0,1
Garwin,0,0,1,0,0,0
Isahella,1,1,1,1,0,1
Phaidra,1,1,1,0,0,1
Gunther,0,0,1,0,0,0
Ferdinanda,1,1,1,0,0,1
Tirrell,0,0,1,0,0,0
Elena,1,1,0,1,0,1
Domenico,0,0,1,0,0,0
Ingemar,0,0,1,1,0,0
Shaylynn,0,0,1,0,1,1
Hammad,0,0,1,0,0,0
Ciara,1,1,0,0,0,1
Weston,0,0,1,0,0,0
Elvina,1,1,1,1,0,1
Gabriell,0,0,1,0,0,0
Cindi,1,0,0,0,0,1
Gayla,1,1,0,0,1,1
Waleed,0,0,1,0,0,0
Jori,1,0,0,0,0,1
Ilse,0,0,0,1,0,1
Nedi,1,0,0,0,0,1
Emmery,0,0,1,1,1,0
Latisha,1,1,1,0,0,1
Kayle,1,0,0,0,1,1
Thorny,0,0,1,0,1,0
Hart,0,0,0,0,0,0
Melisandra,1,1,1,0,0,1
Korney,0,0,1,0,1,1
Shandee,1,0,1,0,0,1
Stormie,1,0,1,0,0,1
Rourke,1,0,1,0,0,0
Lindy,0,0,0,0,1,1
Trudi,1,0,0,0,0,1
Charlton,0,0,1,0,0,0
Jordana,1,1,1,0,0,1
Glenn,0,0,0,0,0,1
Douggie,1,0,1,0,0,0
Travis,0,0,1,0,0,0
Floris,0,0,1,0,0,1
Jere,0,0,0,0,0,1
Carlita,1,1,1,0,0,1
Alleen,0,0,1,1,0,1
Lauren,0,0,1,0,0,0
Nadiya,1,1,1,0,1,1
Rachael,0,0,1,0,0,1
Ferdy,0,0,0,0,1,0
Benton,0,0,1,0,0,0
Pammy,0,0,0,0,1,1
Patin,0,0,0,0,0,0
Ginelle,1,0,1,0,0,1
Humphrey,0,0,1,0,1,0
Susanna,1,1,1,0,0,1
Sonny,0,0,0,0,1,0
Shurlocke,1,0,1,0,0,0
French,0,0,1,0,0,0
Gipsy,0,0,0,0,1,1
Uriel,0,0,0,1,0,0
Elora,1,1,0,1,0,1
Roxane,1,0,1,0,0,1
Aindrea,1,1,1,1,0,1
Susie,1,0,0,0,0,1
Isadora,1,1,1,1,0,1
Sheffield,0,0,1,0,0,0
Vivie,1,0,0,0,0,1
Jacklyn,0,0,1,0,1,1
Kirstie,1,0,1,0,0,1
Hazel,0,0,0,0,0,1
Leroy,0,0,0,0,1,0
Laverne,1,0,1,0,0,1
Farica,1,1,1,0,0,1
Pippy,0,0,0,0,1,1
Edith,0,0,0,1,0,1
Kata,1,1,0,0,0,1
Roderich,0,0,1,0,0,0
Andriana,1,1,1,1,0,1
Kevina,1,1,1,0,0,1
Thatcher,0,0,1,0,0,0
Clancy,0,0,1,0,1,0
Zulema,1,1,1,0,0,1
Theo,0,0,0,0,0,1
Rickie,1,0,1,0,0,0
Herb,0,0,0,0,0,0
Glori,1,0,0,0,0,1
Nanny,0,0,0,0,1,1
Jacintha,1,1,1,0,0,1
Cami,1,0,0,0,0,1
Nathanil,0,0,1,0,0,0
Goldia,1,1,1,0,0,1
Karola,1,1,1,0,0,1
Ianthe,1,0,1,1,0,1
Vilhelmina,1,1,1,0,0,1
Gil,0,0,0,0,0,0
Morgan,0,0,1,0,0,0
Milka,1,1,0,0,0,1
Nonnah,0,0,1,0,0,1
Petronella,1,1,1,0,0,1
Jethro,0,0,1,0,0,0
Shelby,0,0,1,0,1,1
Marchall,0,0,1,0,0,0
Ajay,0,0,0,1,1,0
Ileane,1,0,1,1,0,1
Bogdan,0,0,1,0,0,0
Sadella,1,1,1,0,0,1
Goddart,0,0,1,0,0,0
Dottie,1,0,1,0,0,1
Milissent,0,0,1,0,0,1
Dayna,1,1,0,0,1,1
Ervin,0,0,0,1,0,0
Nicolle,1,0,1,0,0,1
Murdock,0,0,1,0,0,0
Avery,0,0,0,1,1,0
Lesley,0,0,1,0,1,1
Micheline,1,0,1,0,0,1
Ceil,0,0,0,0,0,1
Quinn,0,0,0,0,0,1
Mikey,0,0,0,0,1,0
Ray,0,0,0,0,1,0
Aleen,0,0,0,1,0,1
Kitti,1,0,0,0,0,1
Bert,0,0,0,0,0,0
Stinky,0,0,1,0,1,0
Beulah,0,0,1,0,0,1
Liorah,0,0,1,0,0,1
Cecil,0,0,0,0,0,0
Waylan,0,0,1,0,1,0
Sharai,1,0,1,0,0,1
Kylie,1,0,0,0,1,1
Ardath,0,0,1,1,0,1
Justin,0,0,1,0,0,0
Tera,1,1,0,0,0,1
Len,0,0,0,0,0,0
Tucky,0,0,0,0,1,0
Mack,0,0,0,0,0,0
Willi,1,0,0,0,0,1
Dell,0,0,0,0,0,0
Jocelyne,1,0,1,0,1,1
Jerold,0,0,1,0,0,0
Ryan,0,0,0,0,1,0
Cathee,1,0,1,0,0,1
Gleda,1,1,0,0,0,1
Anson,0,0,0,1,0,0
Ricardo,0,0,1,0,0,0
Don,0,0,0,0,0,0
Vikki,1,0,0,0,0,1
Brande,1,0,1,0,0,1
Engracia,1,1,1,1,0,1
Fons,0,0,0,0,0,0
Malorie,1,0,1,0,0,1
Lora,1,1,0,0,0,1
Russell,0,0,1,0,0,0
Ransell,0,0,1,0,0,0
Julie,1,0,0,0,0,1
Amity,0,0,0,1,1,1
Tova,1,1,0,0,0,1
Sheffie,1,0,1,0,0,0
Juli,1,0,0,0,0,1
Diana,1,1,0,0,0,1
Merry,0,0,0,0,1,0
Johnnie,1,0,1,0,0,0
Wake,0,0,0,0,0,0
Rodge,1,0,0,0,0,0
Templeton,0,0,1,0,0,0
Zara,1,1,0,0,0,1
Yolanthe,1,0,1,1,1,1
Dolly,0,0,0,0,1,1
Lindsey,0,0,1,0,1,1
Jamie,1,0,0,0,0,0
Harlie,1,0,1,0,0,1
Eliot,0,0,0,1,0,0
Ruben,0,0,0,0,0,0
Fifi,1,0,0,0,0,1
Tatiana,1,1,1,0,0,1
Cherry,0,0,1,0,1,1
Clayborn,0,0,1,0,1,0
Oriana,1,1,1,1,0,1
Clerissa,1,1,1,0,0,1
Gigi,1,0,0,0,0,1
Davine,1,0,1,0,0,1
Alley,0,0,0,1,1,0
Alpa,1,1,0,1,0,1
Obadias,0,0,1,1,0,0
Eran,0,0,0,1,0,1
Reuven,0,0,1,0,0,0
Angelique,1,0,1,1,0,1
Hilbert,0,0,1,0,0,0
Ara,1,1,0,1,0,1
Brandon,0,0,1,0,0,0
Judd,0,0,0,0,0,0
Betty,0,0,0,0,1,1
Bobbie,1,0,1,0,0,0
Francoise,1,0,1,0,0,1
Lanie,1,0,0,0,0,1
Auroora,1,1,1,1,0,1
Verne,1,0,0,0,0,0
Heinrich,0,0,1,0,0,0
Almeda,1,1,1,1,0,1
Olympe,1,0,1,1,1,1
Britte,1,0,1,0,0,1
Nickolas,0,0,1,0,0,0
Gwennie,1,0,1,0,0,1
Meagan,0,0,1,0,0,1
Neel,0,0,0,0,0,0
Herrick,0,0,1,0,0,0
Izabel,0,0,1,1,0,1
Prince,1,0,1,0,0,0
Ignaz,0,0,0,1,0,0
Kiley,0,0,0,0,1,1
Katherine,1,0,1,0,0,1
Nelia,1,1,0,0,0,1
Fanya,1,1,0,0,1,1
Kathleen,0,0,1,0,0,1
Rustie,1,0,1,0,0,0
Helaina,1,1,1,0,0,1
Ritchie,1,0,1,0,0,0
Edita,1,1,0,1,0,1
Nissa,1,1,0,0,0,1
Cornie,1,0,1,0,0,1
Mercy,0,0,0,0,1,1
Bayard,0,0,1,0,1,0
Bunny,0,0,0,0,1,1
Anastasia,1,1,1,1,0,1
Chanderjit,0,0,1,0,0,0
Tawnya,1,1,1,0,1,1
Vida,1,1,0,0,0,1
Maible,1,0,1,0,0,1
Anallese,1,0,1,1,0,1
Will,0,0,0,0,0,0
Alphonso,0,0,1,1,0,0
Cody,0,0,0,0,1,1
Odella,1,1,1,1,0,1
Oleg,0,0,0,1,0,0
Ulises,0,0,1,1,0,0
Garvey,0,0,1,0,1,0
Mariana,1,1,1,0,0,1
Leslie,1,0,1,0,0,0
Dane,0,0,0,0,0,0
Claude,1,0,1,0,0,0
Kettie,1,0,1,0,0,1
Mable,1,0,0,0,0,1
Andromache,1,0,1,1,0,1
Vergil,0,0,1,0,0,0
Millicent,0,0,1,0,0,1
Ingaberg,0,0,1,1,0,1
Flo,0,0,0,0,0,1
Portia,1,1,1,0,0,1
Florenza,1,1,1,0,0,1
Wrennie,1,0,1,0,0,1
Sherwynd,0,0,1,0,1,0
Siobhan,0,0,1,0,0,1
Gonzalo,0,0,1,0,0,0
Hastings,0,0,1,0,0,0
Shelia,1,1,1,0,0,1
Maure,1,0,0,0,0,1
Nikita,1,1,1,0,0,0
Phillipp,0,0,1,0,0,0
Madelaine,1,0,1,0,0,1
Hewie,1,0,0,0,0,0
Jo,0,0,0,0,0,1
Latia,1,1,0,0,0,1
Aeriel,0,0,1,1,0,1
Pat,0,0,0,0,0,1
Louella,1,1,1,0,0,1
Tobi,1,0,0,0,0,1
Jackie,1,0,1,0,0,0
Preston,0,0,1,0,0,0
Almeta,1,1,1,1,0,1
Dylan,0,0,0,0,1,0
Ursula,1,1,1,1,0,1
Jefferey,0,0,1,0,1,0
Maddi,1,0,0,0,0,1
Max,0,0,0,0,0,1
Nestor,0,0,1,0,0,0
Eva,1,1,0,1,0,1
Beret,0,0,0,0,0,1
Marybeth,0,0,1,0,1,1
Norma,1,1,0,0,0,1
Sib,0,0,0,0,0,1
Kaylee,1,0,1,0,1,1
Marin,0,0,0,0,0,1
Martynne,1,0,1,0,1,1
Bernita,1,1,1,0,0,1
Faye,0,0,0,0,1,1
Erin,0,0,0,1,0,0
Dawna,1,1,0,0,0,1
Dunc,0,0,0,0,0,0
Lucretia,1,1,1,0,0,1
Gelya,1,1,0,0,1,1
Darya,1,1,0,0,1,1
Wash,0,0,0,0,0,0
Brita,1,1,0,0,0,1
Sherri,1,0,1,0,0,1
Karilynn,0,0,1,0,1,1
Kessiah,0,0,1,0,0,1
Imogene,1,0,1,1,0,1
Georgianne,1,0,1,0,0,1
Janice,1,0,1,0,0,1
Flem,0,0,0,0,0,0
Bren,0,0,0,0,0,1
Missie,1,0,1,0,0,1
Ira,1,1,0,1,0,1
Gilda,1,1,0,0,0,1
Angus,0,0,0,1,0,0
Phelia,1,1,1,0,0,1
Sabra,1,1,0,0,0,1
Johnathon,0,0,1,0,0,0
Upton,0,0,0,1,0,0
Issie,1,0,0,1,0,1
Bard,0,0,0,0,0,0
Odin,0,0,0,1,0,0
Greer,0,0,0,0,0,1
Hernando,0,0,1,0,0,0
Hedi,1,0,0,0,0,1
Nani,1,0,0,0,0,1
Othilie,1,0,1,1,0,1
Ram,0,0,0,0,0,0
Hans,0,0,0,0,0,0
Delphinia,1,1,1,0,0,1
Myna,1,1,0,0,1,1
Rudyard,0,0,1,0,1,0
Nathaniel,0,0,1,0,0,0
Mellie,1,0,1,0,0,1
Rivkah,0,0,1,0,0,1
Frederik,0,0,1,0,0,0
Maurise,1,0,1,0,0,0
Ace,0,0,0,1,0,0
Monika,1,1,1,0,0,1
Tyrus,0,0,0,0,1,0
Kamila,1,1,1,0,0,1
Vivi,1,0,0,0,0,1
Tabbi,1,0,0,0,0,1
Shandra,1,1,1,0,0,1
Chrisy,0,0,1,0,1,0
Nonie,1,0,0,0,0,1
Lon,0,0,0,0,0,0
Corenda,1,1,1,0,0,1
Nerty,0,0,0,0,1,1
Cissy,0,0,0,0,1,1
Patel,0,0,0,0,0,0
Gui,1,0,0,0,0,1
Sybil,0,0,0,0,1,1
Audy,0,0,0,1,1,1
Noni,1,0,0,0,0,1
Rozanna,1,1,1,0,0,1
Earle,1,0,0,1,0,0
Luigi,1,0,0,0,0,0
Doti,1,0,0,0,0,1
Fionna,1,1,1,0,0,1
Melinde,1,0,1,0,0,1
Jonas,0,0,0,0,0,0
Celestyna,1,1,1,0,1,1
Jeffery,0,0,1,0,1,0
Ragnar,0,0,1,0,0,0
Wainwright,0,0,1,0,0,0
Adrien,0,0,1,1,0,1
Dick,0,0,0,0,0,0
Bud,0,0,0,0,0,0
Danyette,1,0,1,0,1,1
Gloria,1,1,1,0,0,1
Marcie,1,0,1,0,0,1
Ranice,1,0,1,0,0,1
Lulu,0,0,0,0,0,1
Ebenezer,0,0,1,1,0,0
Frazier,0,0,1,0,0,0
Emelda,1,1,1,1,0,1
Tobey,0,0,0,0,1,1
Arel,0,0,0,1,0,0
Martina,1,1,1,0,0,1
Nelly,0,0,0,0,1,1
Blinnie,1,0,1,0,0,1
Jean-Francois,0,0,1,0,0,0
Paul,0,0,0,0,0,0
Abby,0,0,0,1,1,0
Paige,1,0,0,0,0,1
Wilfrid,0,0,1,0,0,0
Aryn,0,0,0,1,1,1
Ambrosia,1,1,1,1,0,1
Danyelle,1,0,1,0,1,1
Eolanda,1,1,1,1,0,1
Mahmud,0,0,1,0,0,0
Tucker,0,0,1,0,0,0
Judie,1,0,0,0,0,1
Coleman,0,0,1,0,0,0
Gera,1,1,0,0,0,1
Herculie,1,0,1,0,0,0
Merill,0,0,1,0,0,0
Carly,0,0,0,0,1,1
Kerrin,0,0,1,0,0,1
Alexis,0,0,1,1,0,0
Ash,0,0,0,1,0,0
Charlie,1,0,1,0,0,0
Rosie,1,0,0,0,0,1
Janeczka,1,1,1,0,0,1
Cal,0,0,0,0,0,1
Carey,0,0,0,0,1,0
Donnamarie,1,0,1,0,0,1
Graham,0,0,1,0,0,0
Silvain,0,0,1,0,0,0
Lawson,0,0,1,0,0,0
Orella,1,1,1,1,0,1
Rosabella,1,1,1,0,0,1
Fay,0,0,0,0,1,1
Corwin,0,0,1,0,0,0
Mona,1,1,0,0,0,1
Skye,0,0,0,0,1,0
Nora,1,1,0,0,0,1
Karol,0,0,0,0,0,1
Brooks,0,0,1,0,0,0
Ugo,0,0,0,1,0,0
Tressa,1,1,1,0,0,1
Kelvin,0,0,1,0,0,0
Merl,0,0,0,0,0,1
Faith,0,0,0,0,0,1
Jannelle,1,0,1,0,0,1
Johnna,1,1,1,0,0,1
Abbey,0,0,0,1,1,1
Nevins,0,0,1,0,0,0
Sonnnie,1,0,1,0,0,1
Mariel,0,0,1,0,0,1
Jobye,1,0,0,0,1,1
Thea,1,1,0,0,0,1
Ahmed,0,0,0,1,0,0
Dorotea,1,1,1,0,0,1
Hayes,0,0,0,0,1,0
Cyril,0,0,0,0,1,0
Lorri,1,0,0,0,0,1
Chester,0,0,1,0,0,0
Maxine,1,0,1,0,0,1
Elsie,1,0,0,1,0,1
Codee,1,0,0,0,0,1
Sula,1,1,0,0,0,1
Jessalyn,0,0,1,0,1,1
Edie,0,0,0,1,0,0
Marget,0,0,1,0,0,1
Katharine,1,0,1,0,0,1
Marisa,1,1,1,0,0,1
Silvan,0,0,1,0,0,0
Joyann,0,0,1,0,1,1
Robinia,1,1,1,0,0,1
Jobey,0,0,0,0,1,1
Freemon,0,0,1,0,0,0
Claudia,1,1,1,0,0,1
Pasquale,1,0,1,0,0,0
Stanton,0,0,1,0,0,0
Justina,1,1,1,0,0,1
Ambrose,1,0,1,1,0,0
Katya,1,1,0,0,1,1
Chase,1,0,0,0,0,0
Biddy,0,0,0,0,1,1
Merrilee,1,0,1,0,0,1
Lia,1,1,0,0,0,1
Emmeline,1,0,1,1,0,1
Clemmie,1,0,1,0,0,0
Gregory,0,0,1,0,1,0
Hamid,0,0,0,0,0,0
Fredric,0,0,1,0,0,0
Desmond,0,0,1,0,0,0
Shell,0,0,0,0,0,1
Mahmoud,0,0,1,0,0,0
Ruthann,0,0,1,0,0,1
Adah,0,0,0,1,0,1
Millisent,0,0,1,0,0,1
Eustace,1,0,1,1,0,0
Arleen,0,0,1,1,0,1
Hally,0,0,0,0,1,1
Ellynn,0,0,1,1,1,1
Tomasine,1,0,1,0,0,1
Lydia,1,1,0,0,1,1
Chloette,1,0,1,0,0,1
Rosaleen,0,0,1,0,0,1
Yoshiko,0,0,1,1,1,1
Milzie,1,0,1,0,0,1
Temple,1,0,1,0,0,0
Kenn,0,0,0,0,0,0
Gerold,0,0,1,0,0,0
Kristin,0,0,1,0,0,1
Mignonne,1,0,1,0,0,1
Viviyan,0,0,1,0,1,1
Chantal,0,0,1,0,0,1
Anstice,1,0,1,1,0,1
Hildy,0,0,0,0,1,1
Trista,1,1,1,0,0,1
Dyanna,1,1,1,0,1,1
Helise,1,0,1,0,0,1
Roland,0,0,1,0,0,0
Chicky,0,0,1,0,1,1
Andee,1,0,0,1,0,1
Kaylil,0,0,1,0,1,1
Worthington,0,0,1,0,0,0
Osgood,0,0,1,1,0,0
Daniel,0,0,1,0,0,0
Marcile,1,0,1,0,0,1
Ronica,1,1,1,0,0,1
Bartolemo,0,0,1,0,0,0
Larisa,1,1,1,0,0,1
Jackelyn,0,0,1,0,1,1
Jerry,0,0,0,0,1,0
Beverlie,1,0,1,0,0,1
Raymond,0,0,1,0,1,0
Jacinda,1,1,1,0,0,1
Kati,1,0,0,0,0,1
Marcela,1,1,1,0,0,1
Elyse,1,0,0,1,1,1
Carmine,1,0,1,0,0,0
Amandie,1,0,1,1,0,1
Fran,0,0,0,0,0,1
Gabey,0,0,0,0,1,1
Rick,0,0,0,0,0,0
Leighton,0,0,1,0,0,0
Michal,0,0,1,0,0,0
Jolyn,0,0,0,0,1,1
Laney,0,0,0,0,1,1
Nikki,1,0,0,0,0,1
Maynord,0,0,1,0,1,0
Erda,1,1,0,1,0,1
Flossy,0,0,1,0,1,1
Ondrea,1,1,1,1,0,1
Quincey,0,0,1,0,1,0
Antoinette,1,0,1,1,0,1
Rikki,1,0,0,0,0,0
Lucinda,1,1,1,0,0,1
Chandal,0,0,1,0,0,1
Elvin,0,0,0,1,0,0
Kermit,0,0,1,0,0,0
Demeter,0,0,1,0,0,1
Waine,1,0,0,0,0,0
Gretna,1,1,1,0,0,1
Sherwood,0,0,1,0,0,0
Gordan,0,0,1,0,0,0
Rawley,0,0,1,0,1,0
Clayton,0,0,1,0,1,0
Lorrie,1,0,1,0,0,0
Marlyn,0,0,1,0,1,1
Julio,0,0,0,0,0,0
Kelcy,0,0,0,0,1,1
Zedekiah,0,0,1,0,0,0
Eadith,0,0,1,1,0,1
Amelia,1,1,1,1,0,1
Marnia,1,1,1,0,0,1
Rudiger,0,0,1,0,0,0
Dulcia,1,1,1,0,0,1
Marshal,0,0,1,0,0,0
Lindsay,0,0,1,0,1,0
Devon,0,0,0,0,0,1
Raymundo,0,0,1,0,1,0
Gerrilee,1,0,1,0,0,1
Debi,1,0,0,0,0,1
Henderson,0,0,1,0,0,0
Alister,0,0,1,1,0,0
Theodore,1,0,1,0,0,0
Roddie,1,0,1,0,0,0
Salem,0,0,0,0,0,0
Tallia,1,1,1,0,0,1
Joshua,1,1,1,0,0,0
Lauretta,1,1,1,0,0,1
Cathrin,0,0,1,0,0,1
Christophe,1,0,1,0,0,0
Guinevere,1,0,1,0,0,1
Daryle,1,0,1,0,1,0
Faina,1,1,0,0,0,1
Leese,1,0,0,0,0,1
Sidnee,1,0,1,0,0,0
Appolonia,1,1,1,1,0,1
Raimund,0,0,1,0,0,0
Lemuel,0,0,1,0,0,0
Sidney,0,0,1,0,1,0
Lianna,1,1,1,0,0,1
Josie,1,0,0,0,0,1
Arden,0,0,0,1,0,1
Codie,1,0,0,0,0,1
Merissa,1,1,1,0,0,1
Darb,0,0,0,0,0,1
Stephine,1,0,1,0,0,1
Tybi,1,0,0,0,1,1
Linea,1,1,0,0,0,1
Nickey,0,0,1,0,1,0
Anne-Marie,1,0,1,1,0,1
Simonette,1,0,1,0,0,1
Darda,1,1,0,0,0,1
Donn,0,0,0,0,0,0
Rustin,0,0,1,0,0,0
Bonnee,1,0,1,0,0,1
Vasilis,0,0,1,0,0,0
Aime,0,0,0,1,0,1
Tamarra,1,1,1,0,0,1
Melody,0,0,1,0,1,1
Erhard,0,0,1,1,0,0
Stephana,1,1,1,0,0,1
Mollie,1,0,1,0,0,1
Haley,0,0,0,0,1,0
Vernen,0,0,1,0,0,0
Hendrika,1,1,1,0,0,1
Baldwin,0,0,1,0,0,0
Constantine,1,0,1,0,0,1
Jerald,0,0,1,0,0,0
Kelsey,0,0,1,0,1,1
Adey,0,0,0,1,1,1
Arlana,1,1,1,1,0,1
Iseabal,0,0,1,1,0,1
Wood,0,0,0,0,0,0
Tomkin,0,0,1,0,0,0
Augustin,0,0,1,1,0,0
Carli,1,0,0,0,0,1
Aura,1,1,0,1,0,1
Page,0,0,0,0,0,0
Gwen,0,0,0,0,0,1
Vassili,1,0,1,0,0,0
Robbi,1,0,0,0,0,1
Hestia,1,1,1,0,0,1
Philbert,0,0,1,0,0,0
August,0,0,1,1,0,0
Dewitt,0,0,1,0,0,0
Estell,0,0,1,1,0,1
Koralle,1,0,1,0,0,1
Franklin,0,0,1,0,0,0
Fanchon,0,0,1,0,0,1
Yelena,1,1,1,1,1,1
Jade,0,0,0,0,0,1
Inesita,1,1,1,1,0,1
Yaakov,0,0,1,1,1,0
Waldon,0,0,1,0,0,0
Hamish,0,0,1,0,0,0
Celina,1,1,1,0,0,1
Sayre,1,0,0,0,1,0
Chiquita,1,1,1,0,0,1
Wye,0,0,0,0,1,0
Corina,1,1,1,0,0,1
Romain,0,0,1,0,0,0
Catie,1,0,0,0,0,1
Chariot,0,0,1,0,0,0
Joan,0,0,0,0,0,1
Sunshine,1,0,1,0,0,1
Meier,0,0,0,0,0,0
Clair,0,0,0,0,0,0
Agneta,1,1,1,1,0,1
Selinda,1,1,1,0,0,1
Broderick,0,0,1,0,0,0
Wyatt,0,0,0,0,1,0
Abdulkarim,0,0,1,1,0,0
Joella,1,1,1,0,0,1
Emory,0,0,0,1,1,0
Sibella,1,1,1,0,0,1
Newton,0,0,1,0,0,0
Mira,1,1,0,0,0,1
Delilah,0,0,1,0,0,1
Janeta,1,1,1,0,0,1
Linette,1,0,1,0,0,1
Glorianna,1,1,1,0,0,1
Roosevelt,0,0,1,0,0,0
Bettye,1,0,1,0,1,1
Rudd,0,0,0,0,0,0
Lainey,0,0,1,0,1,1
Cordey,0,0,1,0,1,1
Thane,1,0,0,0,0,0
Robbyn,0,0,1,0,1,1
Fawn,0,0,0,0,0,1
Shela,1,1,0,0,0,1
Blithe,1,0,1,0,0,1
Cassandry,0,0,1,0,1,1
Tara,1,1,0,0,0,1
Allen,0,0,0,1,0,0
Nicholle,1,0,1,0,0,1
Aili,1,0,0,1,0,1
Blanche,1,0,1,0,0,1
Herold,0,0,1,0,0,0
Kali,1,0,0,0,0,1
Netta,1,1,0,0,0,1
Joanna,1,1,1,0,0,1
Bennie,1,0,1,0,0,0
Tybalt,0,0,1,0,1,0
Consuela,1,1,1,0,0,1
Malissa,1,1,1,0,0,1
Hillary,0,0,1,0,1,1
Gilberta,1,1,1,0,0,1
Jyoti,1,0,0,0,1,1
Forster,0,0,1,0,0,0
Claybourne,1,0,1,0,1,0
Estrellita,1,1,1,1,0,1
Helene,1,0,1,0,0,1
Kalie,1,0,0,0,0,1
Sallyanne,1,0,1,0,1,1
Teddy,0,0,0,0,1,1
Ursa,1,1,0,1,0,1
Byram,0,0,0,0,1,0
Maureene,1,0,1,0,0,1
Brittney,0,0,1,0,1,1
Alf,0,0,0,1,0,0
Aphrodite,1,0,1,1,0,1
Virginie,1,0,1,0,0,1
Trace,1,0,0,0,0,1
Gracia,1,1,1,0,0,1
Thekla,1,1,1,0,0,1
Scot,0,0,0,0,0,0
Ciel,0,0,0,0,0,1
Margy,0,0,0,0,1,1
Geraldina,1,1,1,0,0,1
Ramsay,0,0,1,0,1,0
Cornellis,0,0,1,0,0,0
Betteann,0,0,1,0,0,1
Vittoria,1,1,1,0,0,1
Bettine,1,0,1,0,0,1
Elfie,1,0,0,1,0,1
Pepillo,0,0,1,0,0,0
Brina,1,1,0,0,0,1
Rochelle,1,0,1,0,0,1
Barrie,1,0,1,0,0,1
Delcine,1,0,1,0,0,1
Shandie,1,0,1,0,0,1
Peyton,0,0,1,0,1,0
Rianon,0,0,1,0,0,1
Paolina,1,1,1,0,0,1
Ursulina,1,1,1,1,0,1
Audrye,1,0,1,1,1,1
Bathsheba,1,1,1,0,0,1
Junina,1,1,1,0,0,1
Haydon,0,0,1,0,1,0
Bendite,1,0,1,0,0,1
Shoshanna,1,1,1,0,0,1
Graeme,1,0,1,0,0,0
Tracey,0,0,1,0,1,1
Becki,1,0,0,0,0,1
Fidelia,1,1,1,0,0,1
Jessika,1,1,1,0,0,1
Elly,0,0,0,1,1,1
Debora,1,1,1,0,0,1
Phylys,0,0,1,0,1,1
Fred,0,0,0,0,0,0
Chadd,0,0,0,0,0,0
Susi,1,0,0,0,0,1
Kalman,0,0,1,0,0,0
Giffer,0,0,1,0,0,0
Ed,0,0,0,1,0,0
Meghann,0,0,1,0,0,1
Janette,1,0,1,0,0,1
Nelle,1,0,0,0,0,1
Keith,0,0,0,0,0,0
Karim,0,0,0,0,0,0
Hildegaard,0,0,1,0,0,1
Madelin,0,0,1,0,0,1
Addis,0,0,0,1,0,1
Lorrayne,1,0,1,0,1,1
Dianne,1,0,1,0,0,1
Beckie,1,0,1,0,0,1
Skippie,1,0,1,0,0,0
Margareta,1,1,1,0,0,1
Raynard,0,0,1,0,1,0
Faydra,1,1,1,0,1,1
Pennie,1,0,1,0,0,1
Phillis,0,0,1,0,0,1
Mariellen,0,0,1,0,0,1
Dita,1,1,0,0,0,1
Germana,1,1,1,0,0,1
Paton,0,0,0,0,0,0
Hewitt,0,0,1,0,0,0
Carlotta,1,1,1,0,0,1
Alfie,1,0,0,1,0,1
Nikolai,1,0,1,0,0,0
Sheryl,0,0,1,0,1,1
Brendan,0,0,1,0,0,0
Augustina,1,1,1,1,0,1
Carri,1,0,0,0,0,1
Starlene,1,0,1,0,0,1
Prasad,0,0,1,0,0,0
Ralph,0,0,0,0,0,0
Marcelo,0,0,1,0,0,0
Morgan,0,0,1,0,0,1
Bonni,1,0,0,0,0,1
Thomas,0,0,1,0,0,0
Rod,0,0,0,0,0,0
Gunilla,1,1,1,0,0,1
Noami,1,0,0,0,0,1
Tracey,0,0,1,0,1,0
Ekaterina,1,1,1,1,0,1
Zary,0,0,0,0,1,0
Cybel,0,0,0,0,1,1
Nan,0,0,0,0,0,1
Sheba,1,1,0,0,0,1
Elmira,1,1,1,1,0,1
Elsey,0,0,0,1,1,1
Grissel,0,0,1,0,0,1
Charita,1,1,1,0,0,1
Ramesh,0,0,1,0,0,0
Lionel,0,0,1,0,0,0
Kippy,0,0,0,0,1,1
Gerhardt,0,0,1,0,0,0
Margi,1,0,0,0,0,1
Bellina,1,1,1,0,0,1
Carroll,0,0,1,0,0,1
Berchtold,0,0,1,0,0,0
Brock,0,0,0,0,0,0
Connie,1,0,1,0,0,0
Bab,0,0,0,0,0,1
Gerrit,0,0,1,0,0,0
Ravi,1,0,0,0,0,0
Odele,1,0,0,1,0,1
Marlene,1,0,1,0,0,1
Mel,0,0,0,0,0,1
Laurie,1,0,1,0,0,1
Merrielle,1,0,1,0,0,1
Carl,0,0,0,0,0,0
Carolina,1,1,1,0,0,1
Carmela,1,1,1,0,0,1
Elna,1,1,0,1,0,1
Marika,1,1,1,0,0,1
Marc,0,0,0,0,0,0
Orelia,1,1,1,1,0,1
Keefe,1,0,0,0,0,0
Glen,0,0,0,0,0,1
Orel,0,0,0,1,0,1
Toinette,1,0,1,0,0,1
Therine,1,0,1,0,0,1
Rupert,0,0,1,0,0,0
Garret,0,0,1,0,0,0
Cordelia,1,1,1,0,0,1
Tyson,0,0,0,0,1,0
Fayre,1,0,0,0,1,1
Phillida,1,1,1,0,0,1
Claudio,0,0,1,0,0,0
Jacenta,1,1,1,0,0,1
Gerty,0,0,0,0,1,1
Rosella,1,1,1,0,0,1
Binnie,1,0,1,0,0,1
Kaycee,1,0,1,0,1,1
Rabbi,1,0,0,0,0,0
Angie,1,0,0,1,0,1
Spencer,0,0,1,0,0,0
Betsy,0,0,0,0,1,1
Gae,0,0,0,0,0,1
Bee,0,0,0,0,0,1
Arne,0,0,0,1,0,0
Esteban,0,0,1,1,0,0
Binny,0,0,0,0,1,1
Aggy,0,0,0,1,1,1
Florencia,1,1,1,0,0,1
Veda,1,1,0,0,0,1
Gavra,1,1,0,0,0,1
Sue-elle,1,0,1,0,0,1
Vanya,1,1,0,0,1,1
Alvira,1,1,1,1,0,1
Kimberly,0,0,1,0,1,1
Bernice,1,0,1,0,0,1
Franky,0,0,1,0,1,1
Gretel,0,0,1,0,0,1
Cindy,0,0,0,0,1,1
Nariko,0,0,1,0,0,1
Roz,0,0,0,0,0,1
Sigfried,0,0,1,0,0,0
Miquela,1,1,1,0,0,1
Lizzy,0,0,0,0,1,1
Zachariah,0,0,1,0,0,0
Clive,1,0,0,0,0,0
Marcellina,1,1,1,0,0,1
Julianna,1,1,1,0,0,1
Filmore,1,0,1,0,0,0
Ermina,1,1,1,1,0,1
Dom,0,0,0,0,0,0
Giavani,1,0,1,0,0,0
Hiram,0,0,0,0,0,0
Sheree,1,0,1,0,0,1
Tony,0,0,0,0,1,0
Farah,0,0,0,0,0,1
Mehetabel,0,0,1,0,0,1
Yvonne,1,0,1,1,1,1
Rinaldo,0,0,1,0,0,0
Sean,0,0,0,0,0,1
Hilde,1,0,0,0,0,1
Diena,1,1,0,0,0,1
Stacie,1,0,1,0,0,1
Paloma,1,1,1,0,0,1
Carlton,0,0,1,0,0,0
Collete,1,0,1,0,0,1
Clemmie,1,0,1,0,0,1
Jacob,0,0,0,0,0,0
Shara,1,1,0,0,0,1
Iggy,0,0,0,1,1,0
Beverie,1,0,1,0,0,1
Maximilian,0,0,1,0,0,0
Phoebe,1,0,1,0,0,1
Ginger,0,0,1,0,0,0
Cally,0,0,0,0,1,1
Woodrow,0,0,1,0,0,0
Terri,1,0,0,0,0,1
Rolph,0,0,0,0,0,0
Ginnifer,0,0,1,0,0,1
Beatriz,0,0,1,0,0,1
Gillan,0,0,1,0,0,1
Joselyn,0,0,1,0,1,1
Major,0,0,0,0,0,0
Neddie,1,0,1,0,0,0
Ronen,0,0,0,0,0,0
Lethia,1,1,1,0,0,1
Torey,0,0,0,0,1,0
Chelsae,1,0,1,0,0,1
Almeria,1,1,1,1,0,1
Priscella,1,1,1,0,0,1
Kassandra,1,1,1,0,0,1
Wenona,1,1,1,0,0,1
Abbi,1,0,0,1,0,1
Teodoor,0,0,1,0,0,0
Shalna,1,1,1,0,0,1
Theodor,0,0,1,0,0,0
Jonathon,0,0,1,0,0,0
Sheri,1,0,0,0,0,1
Desiree,1,0,1,0,0,1
Ingram,0,0,1,1,0,0
Lola,1,1,0,0,0,1
Wang,0,0,0,0,0,0
Enriqueta,1,1,1,1,0,1
Zola,1,1,0,0,0,1
Vinnie,1,0,1,0,0,0
Barny,0,0,0,0,1,0
Orazio,0,0,1,1,0,0
Jilly,0,0,0,0,1,1
Andres,0,0,1,1,0,0
Rich,0,0,0,0,0,0
Celestine,1,0,1,0,0,1
Sydney,0,0,1,0,1,0
Rochell,0,0,1,0,0,1
Dyanne,1,0,1,0,1,1
Ingamar,0,0,1,1,0,0
Retha,1,1,0,0,0,1
Hermione,1,0,1,0,0,1
Freeman,0,0,1,0,0,0
Rodolfo,0,0,1,0,0,0
Garcia,1,1,1,0,0,0
Adella,1,1,1,1,0,1
Nedda,1,1,0,0,0,1
Della,1,1,0,0,0,1
Miguelita,1,1,1,0,0,1
Jennifer,0,0,1,0,0,1
Charo,0,0,0,0,0,1
Kirsteni,1,0,1,0,0,1
Bartholomeus,0,0,1,0,0,0
Jean-Lou,0,0,1,0,0,0
Honor,0,0,0,0,0,1
Hercule,1,0,1,0,0,0
Sheeree,1,0,1,0,0,1
Salomone,1,0,1,0,0,0
Darth,0,0,0,0,0,0
Chery,0,0,0,0,1,1
Fyodor,0,0,1,0,1,0
Daren,0,0,0,0,0,0
Alayne,1,0,1,1,1,1
Vilhelm,0,0,1,0,0,0
Rainer,0,0,1,0,0,0
Storm,0,0,0,0,0,1
Gwendolin,0,0,1,0,0,1
Seline,1,0,1,0,0,1
Odille,1,0,1,1,0,1
Vivianna,1,1,1,0,0,1
Luciana,1,1,1,0,0,1
Lusa,1,1,0,0,0,1
Bernete,1,0,1,0,0,1
Viviene,1,0,1,0,0,1
Megan,0,0,0,0,0,1
Darien,0,0,1,0,0,0
Lancelot,0,0,1,0,0,0
Denice,1,0,1,0,0,1
Antin,0,0,0,1,0,0
Dayle,1,0,0,0,1,1
Charlean,0,0,1,0,0,1
Raleigh,0,0,1,0,0,0
Ashlie,1,0,1,1,0,1
Hodge,1,0,0,0,0,0
Carine,1,0,1,0,0,1
Randene,1,0,1,0,0,1
Ronna,1,1,0,0,0,1
Cristabel,0,0,1,0,0,1
Fleurette,1,0,1,0,0,1
Leorah,0,0,1,0,0,1
Marci,1,0,0,0,0,1
Una,1,1,0,1,0,1
Shorty,0,0,1,0,1,0
Merci,1,0,0,0,0,1
Val,0,0,0,0,0,1
Hashim,0,0,1,0,0,0
Hephzibah,0,0,1,0,0,1
Shena,1,1,0,0,0,1
Tamma,1,1,0,0,0,1
Harlin,0,0,1,0,0,0
Gratiana,1,1,1,0,0,1
Zeke,0,0,0,0,0,0
Hildagard,0,0,1,0,0,1
Daisey,0,0,1,0,1,1
Nicol,0,0,0,0,0,1
Beale,1,0,0,0,0,0
Tait,0,0,0,0,0,0
Salomon,0,0,1,0,0,0
Malinde,1,0,1,0,0,1
Renae,1,0,0,0,0,1
Bryn,0,0,0,0,1,0
Fatima,1,1,1,0,0,1
Kacy,0,0,0,0,1,1
Frans,0,0,0,0,0,0
Rodrique,1,0,1,0,0,0
Terra,1,1,0,0,0,1
Vincents,0,0,1,0,0,0
Tabb,0,0,0,0,0,0
Fanechka,1,1,1,0,0,1
Beryle,1,0,1,0,1,1
Hyacintha,1,1,1,0,1,1
Margarete,1,0,1,0,0,1
Kaitlyn,0,0,1,0,1,1
Lyndon,0,0,1,0,1,0
Anissa,1,1,1,1,0,1
Mika,1,1,0,0,0,0
Gael,0,0,0,0,0,1
Barbette,1,0,1,0,0,1
Jock,0,0,0,0,0,0
Jean-Christophe,1,0,1,0,0,0
Orville,1,0,1,1,0,0
Kassey,0,0,1,0,1,1
Demetri,1,0,1,0,0,0
Flora,1,1,0,0,0,1
Suzi,1,0,0,0,0,1
Dieter,0,0,1,0,0,0
Barron,0,0,1,0,0,0
Tim,0,0,0,0,0,0
Ileana,1,1,1,1,0,1
Lorry,0,0,0,0,1,1
Nita,1,1,0,0,0,1
Diahann,0,0,1,0,0,1
Glynis,0,0,1,0,1,1
Gerry,0,0,0,0,1,0
Sharon,0,0,1,0,0,1
Dore,0,0,0,0,0,1
Austin,0,0,1,1,0,0
Zondra,1,1,1,0,0,1
Birgit,0,0,1,0,0,1
Bharat,0,0,1,0,0,0
Davy,0,0,0,0,1,0
Ulick,0,0,0,1,0,0
Ely,0,0,0,1,1,0
Hope,0,0,0,0,0,1
Clemens,0,0,1,0,0,0
Eydie,1,0,0,1,1,1
Layla,1,1,0,0,1,1
Linnie,1,0,1,0,0,1
Devondra,1,1,1,0,0,1
Lianne,1,0,1,0,0,1
Nicholas,0,0,1,0,0,0
Avi,1,0,0,1,0,0
Neala,1,1,0,0,0,1
Ivory,0,0,0,1,1,1
Lottie,1,0,1,0,0,1
Catarina,1,1,1,0,0,1
Reggis,0,0,1,0,0,0
Genovera,1,1,1,0,0,1
Plato,0,0,0,0,0,0
Brigit,0,0,1,0,0,1
Jeanette,1,0,1,0,0,1
Jerrie,1,0,1,0,0,0
Gabie,1,0,0,0,0,1
Cass,0,0,0,0,0,0
Arly,0,0,0,1,1,1
Beverly,0,0,1,0,1,1
Enrique,1,0,1,1,0,0
Elva,1,1,0,1,0,1
Toni,1,0,0,0,0,1
Leontine,1,0,1,0,0,1
Ramon,0,0,0,0,0,0
Sammie,1,0,1,0,0,0
Aleks,0,0,0,1,0,0
Antony,0,0,1,1,1,0
Mylo,0,0,0,0,1,0
Jenni,1,0,0,0,0,1
Stephannie,1,0,1,0,0,1
Bridget,0,0,1,0,0,1
Lorita,1,1,1,0,0,1
Theobald,0,0,1,0,0,0
Claudina,1,1,1,0,0,1
Shea,1,1,0,0,0,1
Nicoli,1,0,1,0,0,1
Gian,0,0,0,0,0,0
Arianne,1,0,1,1,0,1
Manfred,0,0,1,0,0,0
Hilarie,1,0,1,0,0,1
Wynnie,1,0,1,0,1,1
Korrie,1,0,1,0,0,1
Parsifal,0,0,1,0,0,0
Lela,1,1,0,0,0,1
Carolie,1,0,1,0,0,1
Lotti,1,0,0,0,0,1
Carlina,1,1,1,0,0,1
Catherine,1,0,1,0,0,1
Ki,1,0,0,0,0,1
Isaac,0,0,0,1,0,0
Willmott,0,0,1,0,0,0
Felicia,1,1,1,0,0,1
Dedra,1,1,0,0,0,1
Ivonne,1,0,1,1,0,1
Kirsti,1,0,1,0,0,1
Meggie,1,0,1,0,0,1
Edwin,0,0,0,1,0,0
Demetris,0,0,1,0,0,1
Maddy,0,0,0,0,1,0
Hurley,0,0,1,0,1,0
Agata,1,1,0,1,0,1
Reynard,0,0,1,0,1,0
Mark,0,0,0,0,0,0
Ivy,0,0,0,1,1,1
Vera,1,1,0,0,0,1
Nancee,1,0,1,0,0,1
Florentia,1,1,1,0,0,1
Maurine,1,0,1,0,0,1
Silvana,1,1,1,0,0,1
Elvis,0,0,0,1,0,0
Bo,0,0,0,0,0,0
Forrest,0,0,1,0,0,0
Enrika,1,1,1,1,0,1
Tamiko,0,0,1,0,0,1
Anais,0,0,0,1,0,1
Winna,1,1,0,0,0,1
Roanne,1,0,1,0,0,1
Gennifer,0,0,1,0,0,1
Fiona,1,1,0,0,0,1
Carlyn,0,0,1,0,1,1
Anette,1,0,1,1,0,1
Ania,1,1,0,1,0,1
Mechelle,1,0,1,0,0,1
Verna,1,1,0,0,0,1
Camilla,1,1,1,0,0,1
Simona,1,1,1,0,0,1
Sergei,1,0,1,0,0,0
Hakeem,0,0,1,0,0,0
Cristopher,0,0,1,0,0,0
Cathie,1,0,1,0,0,1
Gregg,0,0,0,0,0,0
Crysta,1,1,1,0,1,1
Francene,1,0,1,0,0,1
Glynnis,0,0,1,0,1,1
Iris,0,0,0,1,0,1
Hallam,0,0,1,0,0,0
Amelie,1,0,1,1,0,1
Charmion,0,0,1,0,0,1
Barrett,0,0,1,0,0,0
